ruta,origen,destino,fecha_salida,fecha_vuelta,precio_gol,precio_aerolineas,mejor_precio,mejor_sitio,ultima_actualizacion
Buenos Aires (Aeroparque) - Brasília,AEP,BSB,18/12/2026,28/12/2026,"R$ 3.447,00",,"R$ 3.447,00",gol,"13/09/2026, 02:10 p. m."
Buenos Aires (Aeroparque) - Brasília,AEP,BSB,19/12/2026,29/12/2026,"R$ 3.525,00",,"R$ 3.525,00",gol,"13/09/2026, 02:10 p. m."
Buenos Aires (Aeroparque) - Brasília,AEP,BSB,20/12/2026,30/12/2026,"R$ 4.140,00",,"R$ 4.140,00",gol,"13/09/2026, 02:10 p. m."
Buenos Aires (Aeroparque) - Brasília,AEP,BSB,21/12/2026,31/12/2026,"R$ 3.197,00",,"R$ 3.197,00",gol,"13/09/2026, 02:10 p. m."
Buenos Aires (Aeroparque) - Brasília,AEP,BSB,22/12/2026,01/01/2027,"R$ 1.547,00",,"R$ 1.547,00",gol,"13/09/2026, 02:10 p. m."
Buenos Aires (Aeroparque) - Brasília,AEP,BSB,23/12/2026,02/01/2027,"R$ 1.457,00",,"R$ 1.457,00",gol,"13/09/2026, 02:10 p. m."
Buenos Aires (Aeroparque) - Brasília,AEP,BSB,24/12/2026,03/01/2027,"R$ 1.411,00",,"R$ 1.411,00",gol,"13/09/2026, 02:10 p. m."
Buenos Aires (Aeroparque) - Brasília,AEP,BSB,25/12/2026,04/01/2027,"R$ 1.411,00",,"R$ 1.411,00",gol,"13/09/2026, 02:10 p. m."
Buenos Aires (Aeroparque) - Brasília,AEP,BSB,26/12/2026,05/01/2027,"R$ 1.847,00",,"R$ 1.847,00",gol,"13/09/2026, 02:10 p. m."
Buenos Aires (Aeroparque) - Brasília,AEP,BSB,27/12/2026,06/01/2027,"R$ 1.847,00",,"R$ 1.847,00",gol,"13/09/2026, 02:10 p. m."
Buenos Aires (Aeroparque) - Brasília,AEP,BSB,28/12/2026,07/01/2027,"R$ 2.301,00",,"R$ 2.301,00",gol,"13/09/2026, 02:10 p. m."
Buenos Aires (Aeroparque) - Brasília,AEP,BSB,29/12/2026,08/01/2027,"R$ 2.094,00",,"R$ 2.094,00",gol,"13/09/2026, 02:10 p. m."
Buenos Aires (Aeroparque) - Brasília,AEP,BSB,30/12/2026,09/01/2027,"R$ 2.547,00",,"R$ 2.547,00",gol,"13/09/2026, 02:10 p. m."
Buenos Aires (Aeroparque) - Brasília,AEP,BSB,31/12/2026,10/01/2027,"R$ 1.876,00",,"R$ 1.876,00",gol,"13/09/2026, 02:10 p. m."
Buenos Aires (Aeroparque) - Brasília,AEP,BSB,01/01/2027,11/01/2027,,"R$ 3.908,00","R$ 3.908,00",aerolineas,"15/09/2026, 01:58 a. m."
Buenos Aires (Aeroparque) - Brasília,AEP,BSB,02/01/2027,12/01/2027,,"R$ 4.865,00","R$ 4.865,00",aerolineas,"15/09/2026, 01:58 a. m."
Buenos Aires (Aeroparque) - Brasília,AEP,BSB,03/01/2027,13/01/2027,,"R$ 5.142,00","R$ 5.142,00",aerolineas,"15/09/2026, 01:58 a. m."
Buenos Aires (Aeroparque) - Brasília,AEP,BSB,04/01/2027,14/01/2027,,"R$ 5.021,00","R$ 5.021,00",aerolineas,"15/09/2026, 01:58 a. m."
Buenos Aires (Aeroparque) - Brasília,AEP,BSB,05/01/2027,15/01/2027,,"R$ 5.004,00","R$ 5.004,00",aerolineas,"15/09/2026, 01:58 a. m."
Buenos Aires (Aeroparque) - Brasília,AEP,BSB,06/01/2027,16/01/2027,,"R$ 4.920,00","R$ 4.920,00",aerolineas,"15/09/2026, 01:58 a. m."
Buenos Aires (Aeroparque) - Brasília,AEP,BSB,07/01/2027,17/01/2027,,"R$ 4.517,00","R$ 4.517,00",aerolineas,"15/09/2026, 01:58 a. m."
Buenos Aires (Aeroparque) - Brasília,AEP,BSB,08/01/2027,18/01/2027,,"R$ 3.709,00","R$ 3.709,00",aerolineas,"15/09/2026, 01:58 a. m."
Buenos Aires (Aeroparque) - Brasília,AEP,BSB,09/01/2027,19/01/2027,,"R$ 4.517,00","R$ 4.517,00",aerolineas,"15/09/2026, 01:58 a. m."
Buenos Aires (Aeroparque) - Brasília,AEP,BSB,10/01/2027,20/01/2027,,"R$ 3.908,00","R$ 3.908,00",aerolineas,"15/09/2026, 01:58 a. m."
Buenos Aires (Aeroparque) - Brasília,AEP,BSB,11/01/2027,21/01/2027,,"R$ 3.578,00","R$ 3.578,00",aerolineas,"15/09/2026, 01:58 a. m."
Buenos Aires (Aeroparque) - Brasília,AEP,BSB,12/01/2027,22/01/2027,,"R$ 4.185,00","R$ 4.185,00",aerolineas,"15/09/2026, 01:58 a. m."
Buenos Aires (Aeroparque) - Brasília,AEP,BSB,13/01/2027,23/01/2027,,"R$ 3.565,00","R$ 3.565,00",aerolineas,"15/09/2026, 01:58 a. m."
Buenos Aires (Aeroparque) - Brasília,AEP,BSB,14/01/2027,24/01/2027,,"R$ 3.704,00","R$ 3.704,00",aerolineas,"15/09/2026, 01:58 a. m."
Buenos Aires (Aeroparque) - Brasília,AEP,BSB,15/01/2027,25/01/2027,,"R$ 3.578,00","R$ 3.578,00",aerolineas,"15/09/2026, 01:58 a. m."
Buenos Aires (Aeroparque) - Brasília,AEP,BSB,16/01/2027,26/01/2027,,"R$ 3.926,00","R$ 3.926,00",aerolineas,"15/09/2026, 01:58 a. m."
Buenos Aires (Aeroparque) - Brasília,AEP,BSB,17/01/2027,27/01/2027,,"R$ 3.671,00","R$ 3.671,00",aerolineas,"15/09/2026, 01:58 a. m."
Buenos Aires (Aeroparque) - Brasília,AEP,BSB,18/01/2027,28/01/2027,,"R$ 3.550,00","R$ 3.550,00",aerolineas,"15/09/2026, 01:58 a. m."
Buenos Aires (Aeroparque) - Brasília,AEP,BSB,19/01/2027,29/01/2027,,"R$ 3.671,00","R$ 3.671,00",aerolineas,"15/09/2026, 01:58 a. m."
Buenos Aires (Aeroparque) - Brasília,AEP,BSB,20/01/2027,30/01/2027,,"R$ 3.692,00","R$ 3.692,00",aerolineas,"15/09/2026, 01:58 a. m."
Buenos Aires (Aeroparque) - Brasília,AEP,BSB,21/01/2027,31/01/2027,,"R$ 3.428,00","R$ 3.428,00",aerolineas,"15/09/2026, 01:58 a. m."
Buenos Aires (Aeroparque) - Brasília,AEP,BSB,22/01/2027,01/02/2027,,"R$ 1.863,00","R$ 1.863,00",aerolineas,"15/09/2026, 01:58 a. m."
Buenos Aires (Aeroparque) - Brasília,AEP,BSB,23/01/2027,02/02/2027,,"R$ 1.985,00","R$ 1.985,00",aerolineas,"15/09/2026, 01:58 a. m."
Buenos Aires (Aeroparque) - Brasília,AEP,BSB,24/01/2027,03/02/2027,,"R$ 1.985,00","R$ 1.985,00",aerolineas,"15/09/2026, 01:58 a. m."
Buenos Aires (Aeroparque) - Brasília,AEP,BSB,25/01/2027,04/02/2027,,"R$ 1.876,00","R$ 1.876,00",aerolineas,"15/09/2026, 01:58 a. m."
Buenos Aires (Aeroparque) - Brasília,AEP,BSB,26/01/2027,05/02/2027,,"R$ 1.863,00","R$ 1.863,00",aerolineas,"15/09/2026, 01:58 a. m."
Buenos Aires (Aeroparque) - Brasília,AEP,BSB,27/01/2027,06/02/2027,,"R$ 1.742,00","R$ 1.742,00",aerolineas,"15/09/2026, 01:58 a. m."
Buenos Aires (Aeroparque) - Brasília,AEP,BSB,28/01/2027,07/02/2027,,"R$ 1.742,00","R$ 1.742,00",aerolineas,"15/09/2026, 01:58 a. m."
Buenos Aires (Aeroparque) - Brasília,AEP,BSB,29/01/2027,08/02/2027,,"R$ 1.863,00","R$ 1.863,00",aerolineas,"15/09/2026, 01:58 a. m."
Buenos Aires (Aeroparque) - Brasília,AEP,BSB,30/01/2027,09/02/2027,,"R$ 1.864,00","R$ 1.864,00",aerolineas,"15/09/2026, 01:58 a. m."
Buenos Aires (Aeroparque) - Brasília,AEP,BSB,31/01/2027,10/02/2027,,"R$ 1.985,00","R$ 1.985,00",aerolineas,"15/09/2026, 01:58 a. m."
Buenos Aires (Aeroparque) - Brasília,AEP,BSB,01/02/2027,11/02/2027,"R$ 4.058,00","R$ 2.140,00","R$ 2.140,00",aerolineas,"15/09/2026, 04:02 a. m."
Buenos Aires (Aeroparque) - Brasília,AEP,BSB,02/02/2027,12/02/2027,"R$ 3.467,00","R$ 1.742,00","R$ 1.742,00",aerolineas,"15/09/2026, 04:02 a. m."
Buenos Aires (Aeroparque) - Brasília,AEP,BSB,03/02/2027,13/02/2027,"R$ 2.911,00","R$ 1.742,00","R$ 1.742,00",aerolineas,"15/09/2026, 04:02 a. m."
Buenos Aires (Aeroparque) - Brasília,AEP,BSB,04/02/2027,14/02/2027,"R$ 3.976,00","R$ 1.742,00","R$ 1.742,00",aerolineas,"15/09/2026, 04:02 a. m."
Buenos Aires (Aeroparque) - Brasília,AEP,BSB,05/02/2027,15/02/2027,"R$ 3.049,00","R$ 1.742,00","R$ 1.742,00",aerolineas,"15/09/2026, 04:02 a. m."
Buenos Aires (Aeroparque) - Brasília,AEP,BSB,06/02/2027,16/02/2027,"R$ 3.699,00","R$ 3.117,00","R$ 3.117,00",aerolineas,"15/09/2026, 04:02 a. m."
Buenos Aires (Aeroparque) - Brasília,AEP,BSB,07/02/2027,17/02/2027,"R$ 2.864,00","R$ 3.393,00","R$ 2.864,00",gol,"15/09/2026, 04:02 a. m."
Buenos Aires (Aeroparque) - Brasília,AEP,BSB,08/02/2027,18/02/2027,"R$ 2.911,00","R$ 3.151,00","R$ 2.911,00",gol,"15/09/2026, 04:02 a. m."
Buenos Aires (Aeroparque) - Brasília,AEP,BSB,09/02/2027,19/02/2027,"R$ 4.031,00","R$ 3.272,00","R$ 3.272,00",aerolineas,"15/09/2026, 04:02 a. m."
Buenos Aires (Aeroparque) - Brasília,AEP,BSB,10/02/2027,20/02/2027,"R$ 3.044,00","R$ 3.285,00","R$ 3.044,00",gol,"15/09/2026, 04:02 a. m."
Buenos Aires (Aeroparque) - Brasília,AEP,BSB,11/02/2027,21/02/2027,"R$ 3.898,00","R$ 3.272,00","R$ 3.272,00",aerolineas,"15/09/2026, 04:02 a. m."
Buenos Aires (Aeroparque) - Brasília,AEP,BSB,12/02/2027,22/02/2027,"R$ 3.307,00","R$ 3.272,00","R$ 3.272,00",aerolineas,"15/09/2026, 04:02 a. m."
Buenos Aires (Aeroparque) - Brasília,AEP,BSB,13/02/2027,23/02/2027,"R$ 3.002,00","R$ 3.394,00","R$ 3.002,00",gol,"15/09/2026, 04:02 a. m."
Buenos Aires (Aeroparque) - Brasília,AEP,BSB,14/02/2027,24/02/2027,"R$ 3.050,00","R$ 3.704,00","R$ 3.050,00",gol,"15/09/2026, 04:02 a. m."
Buenos Aires (Aeroparque) - Brasília,AEP,BSB,15/02/2027,25/02/2027,"R$ 3.002,00","R$ 3.427,00","R$ 3.002,00",gol,"15/09/2026, 04:02 a. m."
Buenos Aires (Aeroparque) - Brasília,AEP,BSB,16/02/2027,26/02/2027,"R$ 2.773,00","R$ 3.428,00","R$ 2.773,00",gol,"15/09/2026, 04:02 a. m."
Buenos Aires (Aeroparque) - Brasília,AEP,BSB,17/02/2027,27/02/2027,"R$ 2.864,00","R$ 3.394,00","R$ 2.864,00",gol,"15/09/2026, 04:02 a. m."
Buenos Aires (Aeroparque) - Brasília,AEP,BSB,18/02/2027,28/02/2027,"R$ 2.773,00","R$ 3.151,00","R$ 2.773,00",gol,"15/09/2026, 04:02 a. m."
Buenos Aires (Aeroparque) - Brasília,AEP,BSB,19/02/2027,01/03/2027,"R$ 2.997,00","R$ 1.742,00","R$ 1.742,00",aerolineas,"15/09/2026, 04:02 a. m."
Buenos Aires (Aeroparque) - Brasília,AEP,BSB,20/02/2027,02/03/2027,"R$ 2.997,00","R$ 2.018,00","R$ 2.018,00",aerolineas,"15/09/2026, 04:02 a. m."
Buenos Aires (Aeroparque) - Brasília,AEP,BSB,21/02/2027,03/03/2027,"R$ 2.864,00","R$ 2.018,00","R$ 2.018,00",aerolineas,"15/09/2026, 04:02 a. m."
Buenos Aires (Aeroparque) - Brasília,AEP,BSB,22/02/2027,04/03/2027,"R$ 2.864,00","R$ 1.742,00","R$ 1.742,00",aerolineas,"15/09/2026, 04:02 a. m."
Buenos Aires (Aeroparque) - Brasília,AEP,BSB,23/02/2027,05/03/2027,"R$ 2.773,00","R$ 2.018,00","R$ 2.018,00",aerolineas,"15/09/2026, 04:02 a. m."
Buenos Aires (Aeroparque) - Brasília,AEP,BSB,24/02/2027,06/03/2027,"R$ 2.773,00","R$ 1.742,00","R$ 1.742,00",aerolineas,"15/09/2026, 04:02 a. m."
Buenos Aires (Aeroparque) - Brasília,AEP,BSB,25/02/2027,07/03/2027,"R$ 2.773,00","R$ 1.742,00","R$ 1.742,00",aerolineas,"15/09/2026, 04:02 a. m."
Buenos Aires (Aeroparque) - Brasília,AEP,BSB,26/02/2027,08/03/2027,"R$ 2.682,00","R$ 2.018,00","R$ 2.018,00",aerolineas,"15/09/2026, 04:02 a. m."
Buenos Aires (Aeroparque) - Brasília,AEP,BSB,27/02/2027,09/03/2027,"R$ 2.864,00","R$ 2.018,00","R$ 2.018,00",aerolineas,"15/09/2026, 04:02 a. m."
Buenos Aires (Aeroparque) - Brasília,AEP,BSB,28/02/2027,10/03/2027,"R$ 2.682,00","R$ 2.018,00","R$ 2.018,00",aerolineas,"15/09/2026, 04:02 a. m."
Buenos Aires (Aeroparque) - Goiânia,AEP,GYN,18/12/2026,28/12/2026,"R$ 1.573,00","R$ 3.118,00","R$ 1.573,00",gol,"15/09/2026, 01:57 a. m."
Buenos Aires (Aeroparque) - Goiânia,AEP,GYN,19/12/2026,29/12/2026,"R$ 1.594,00","R$ 3.206,00","R$ 1.594,00",gol,"15/09/2026, 01:57 a. m."
Buenos Aires (Aeroparque) - Goiânia,AEP,GYN,20/12/2026,30/12/2026,"R$ 1.666,00","R$ 2.996,00","R$ 1.666,00",gol,"15/09/2026, 01:57 a. m."
Buenos Aires (Aeroparque) - Goiânia,AEP,GYN,21/12/2026,31/12/2026,"R$ 1.573,00","R$ 3.211,00","R$ 1.573,00",gol,"15/09/2026, 01:57 a. m."
Buenos Aires (Aeroparque) - Goiânia,AEP,GYN,22/12/2026,01/01/2027,"R$ 1.809,00","R$ 4.196,00","R$ 1.809,00",gol,"15/09/2026, 01:57 a. m."
Buenos Aires (Aeroparque) - Goiânia,AEP,GYN,23/12/2026,02/01/2027,"R$ 1.573,00","R$ 3.632,00","R$ 1.573,00",gol,"15/09/2026, 01:57 a. m."
Buenos Aires (Aeroparque) - Goiânia,AEP,GYN,24/12/2026,03/01/2027,"R$ 1.809,00","R$ 3.504,00","R$ 1.809,00",gol,"15/09/2026, 01:57 a. m."
Buenos Aires (Aeroparque) - Goiânia,AEP,GYN,25/12/2026,04/01/2027,"R$ 1.520,00","R$ 3.366,00","R$ 1.520,00",gol,"15/09/2026, 01:57 a. m."
Buenos Aires (Aeroparque) - Goiânia,AEP,GYN,26/12/2026,05/01/2027,"R$ 2.174,00","R$ 4.732,00","R$ 2.174,00",gol,"15/09/2026, 01:57 a. m."
Buenos Aires (Aeroparque) - Goiânia,AEP,GYN,27/12/2026,06/01/2027,"R$ 1.809,00","R$ 3.848,00","R$ 1.809,00",gol,"15/09/2026, 01:57 a. m."
Buenos Aires (Aeroparque) - Goiânia,AEP,GYN,28/12/2026,07/01/2027,"R$ 2.282,00","R$ 4.124,00","R$ 2.282,00",gol,"15/09/2026, 01:57 a. m."
Buenos Aires (Aeroparque) - Goiânia,AEP,GYN,29/12/2026,08/01/2027,"R$ 2.203,00","R$ 4.456,00","R$ 2.203,00",gol,"15/09/2026, 01:57 a. m."
Buenos Aires (Aeroparque) - Goiânia,AEP,GYN,30/12/2026,09/01/2027,"R$ 2.621,00","R$ 4.227,00","R$ 2.621,00",gol,"15/09/2026, 01:57 a. m."
Buenos Aires (Aeroparque) - Goiânia,AEP,GYN,31/12/2026,10/01/2027,"R$ 1.838,00","R$ 4.201,00","R$ 1.838,00",gol,"15/09/2026, 01:57 a. m."
Buenos Aires (Aeroparque) - Goiânia,AEP,GYN,01/01/2027,11/01/2027,"R$ 3.638,00","R$ 4.400,00","R$ 3.638,00",gol,"15/09/2026, 01:57 a. m."
Buenos Aires (Aeroparque) - Goiânia,AEP,GYN,02/01/2027,12/01/2027,"R$ 4.154,00","R$ 5.357,00","R$ 4.154,00",gol,"15/09/2026, 01:57 a. m."
Buenos Aires (Aeroparque) - Goiânia,AEP,GYN,03/01/2027,13/01/2027,"R$ 4.156,00","R$ 5.081,00","R$ 4.156,00",gol,"15/09/2026, 01:57 a. m."
Buenos Aires (Aeroparque) - Goiânia,AEP,GYN,04/01/2027,14/01/2027,"R$ 3.660,00","R$ 5.087,00","R$ 3.660,00",gol,"15/09/2026, 01:57 a. m."
Buenos Aires (Aeroparque) - Goiânia,AEP,GYN,05/01/2027,15/01/2027,"R$ 3.977,00","R$ 5.219,00","R$ 3.977,00",gol,"15/09/2026, 01:57 a. m."
Buenos Aires (Aeroparque) - Goiânia,AEP,GYN,06/01/2027,16/01/2027,"R$ 4.004,00","R$ 4.842,00","R$ 4.004,00",gol,"15/09/2026, 01:57 a. m."
Buenos Aires (Aeroparque) - Goiânia,AEP,GYN,07/01/2027,17/01/2027,"R$ 3.660,00","R$ 4.732,00","R$ 3.660,00",gol,"15/09/2026, 01:57 a. m."
Buenos Aires (Aeroparque) - Goiânia,AEP,GYN,08/01/2027,18/01/2027,"R$ 4.003,00","R$ 4.201,00","R$ 4.003,00",gol,"15/09/2026, 01:57 a. m."
Buenos Aires (Aeroparque) - Goiânia,AEP,GYN,09/01/2027,19/01/2027,"R$ 3.660,00","R$ 4.733,00","R$ 3.660,00",gol,"15/09/2026, 01:57 a. m."
Buenos Aires (Aeroparque) - Goiânia,AEP,GYN,10/01/2027,20/01/2027,"R$ 3.638,00","R$ 4.124,00","R$ 3.638,00",gol,"15/09/2026, 01:57 a. m."
Buenos Aires (Aeroparque) - Goiânia,AEP,GYN,11/01/2027,21/01/2027,"R$ 3.639,00","R$ 4.124,00","R$ 3.639,00",gol,"15/09/2026, 01:57 a. m."
Buenos Aires (Aeroparque) - Goiânia,AEP,GYN,12/01/2027,22/01/2027,"R$ 3.496,00","R$ 3.848,00","R$ 3.496,00",gol,"15/09/2026, 01:57 a. m."
Buenos Aires (Aeroparque) - Goiânia,AEP,GYN,13/01/2027,23/01/2027,"R$ 3.404,00","R$ 4.057,00","R$ 3.404,00",gol,"15/09/2026, 01:57 a. m."
Buenos Aires (Aeroparque) - Goiânia,AEP,GYN,14/01/2027,24/01/2027,"R$ 3.638,00","R$ 3.919,00","R$ 3.638,00",gol,"15/09/2026, 01:57 a. m."
Buenos Aires (Aeroparque) - Goiânia,AEP,GYN,15/01/2027,25/01/2027,"R$ 3.721,00","R$ 4.201,00","R$ 3.721,00",gol,"15/09/2026, 01:57 a. m."
Buenos Aires (Aeroparque) - Goiânia,AEP,GYN,16/01/2027,26/01/2027,"R$ 3.748,00","R$ 4.262,00","R$ 3.748,00",gol,"15/09/2026, 01:57 a. m."
Buenos Aires (Aeroparque) - Goiânia,AEP,GYN,17/01/2027,27/01/2027,"R$ 3.403,00","R$ 3.609,00","R$ 3.403,00",gol,"15/09/2026, 01:57 a. m."
Buenos Aires (Aeroparque) - Goiânia,AEP,GYN,18/01/2027,28/01/2027,"R$ 3.497,00","R$ 4.030,00","R$ 3.497,00",gol,"15/09/2026, 01:57 a. m."
Buenos Aires (Aeroparque) - Goiânia,AEP,GYN,19/01/2027,29/01/2027,"R$ 3.404,00","R$ 3.885,00","R$ 3.404,00",gol,"15/09/2026, 01:57 a. m."
Buenos Aires (Aeroparque) - Goiânia,AEP,GYN,20/01/2027,30/01/2027,"R$ 3.402,00","R$ 4.184,00","R$ 3.402,00",gol,"15/09/2026, 01:57 a. m."
Buenos Aires (Aeroparque) - Goiânia,AEP,GYN,21/01/2027,31/01/2027,"R$ 3.475,00","R$ 3.764,00","R$ 3.475,00",gol,"15/09/2026, 01:57 a. m."
Buenos Aires (Aeroparque) - Goiânia,AEP,GYN,22/01/2027,01/02/2027,"R$ 3.240,00","R$ 3.437,00","R$ 3.240,00",gol,"15/09/2026, 01:57 a. m."
Buenos Aires (Aeroparque) - Goiânia,AEP,GYN,23/01/2027,02/02/2027,"R$ 3.412,00","R$ 3.886,00","R$ 3.412,00",gol,"15/09/2026, 01:57 a. m."
Buenos Aires (Aeroparque) - Goiânia,AEP,GYN,24/01/2027,03/02/2027,"R$ 4.309,00","R$ 3.885,00","R$ 3.885,00",aerolineas,"15/09/2026, 01:57 a. m."
Buenos Aires (Aeroparque) - Goiânia,AEP,GYN,25/01/2027,04/02/2027,"R$ 3.868,00","R$ 4.229,00","R$ 3.868,00",gol,"15/09/2026, 01:57 a. m."
Buenos Aires (Aeroparque) - Goiânia,AEP,GYN,26/01/2027,05/02/2027,"R$ 3.868,00","R$ 3.903,00","R$ 3.868,00",gol,"15/09/2026, 01:57 a. m."
Buenos Aires (Aeroparque) - Goiânia,AEP,GYN,27/01/2027,06/02/2027,"R$ 4.074,00","R$ 3.366,00","R$ 3.366,00",aerolineas,"15/09/2026, 01:57 a. m."
Buenos Aires (Aeroparque) - Goiânia,AEP,GYN,28/01/2027,07/02/2027,"R$ 3.187,00","R$ 3.919,00","R$ 3.187,00",gol,"15/09/2026, 01:57 a. m."
Buenos Aires (Aeroparque) - Goiânia,AEP,GYN,29/01/2027,08/02/2027,"R$ 3.868,00","R$ 3.764,00","R$ 3.764,00",aerolineas,"15/09/2026, 01:57 a. m."
Buenos Aires (Aeroparque) - Goiânia,AEP,GYN,30/01/2027,09/02/2027,"R$ 3.888,00","R$ 3.908,00","R$ 3.888,00",gol,"15/09/2026, 01:57 a. m."
Buenos Aires (Aeroparque) - Goiânia,AEP,GYN,31/01/2027,10/02/2027,"R$ 4.285,00","R$ 3.886,00","R$ 3.886,00",aerolineas,"15/09/2026, 01:57 a. m."
Buenos Aires (Aeroparque) - Goiânia,AEP,GYN,01/02/2027,11/02/2027,"R$ 4.229,00","R$ 3.488,00","R$ 3.488,00",aerolineas,"15/09/2026, 04:02 a. m."
Buenos Aires (Aeroparque) - Goiânia,AEP,GYN,02/02/2027,12/02/2027,"R$ 3.702,00","R$ 3.643,00","R$ 3.643,00",aerolineas,"15/09/2026, 04:02 a. m."
Buenos Aires (Aeroparque) - Goiânia,AEP,GYN,03/02/2027,13/02/2027,"R$ 3.871,00","R$ 3.366,00","R$ 3.366,00",aerolineas,"15/09/2026, 04:02 a. m."
Buenos Aires (Aeroparque) - Goiânia,AEP,GYN,04/02/2027,14/02/2027,"R$ 3.871,00","R$ 3.643,00","R$ 3.643,00",aerolineas,"15/09/2026, 04:02 a. m."
Buenos Aires (Aeroparque) - Goiânia,AEP,GYN,05/02/2027,15/02/2027,"R$ 3.871,00","R$ 3.487,00","R$ 3.487,00",aerolineas,"15/09/2026, 04:02 a. m."
Buenos Aires (Aeroparque) - Goiânia,AEP,GYN,06/02/2027,16/02/2027,"R$ 3.871,00","R$ 3.039,00","R$ 3.039,00",aerolineas,"15/09/2026, 04:02 a. m."
Buenos Aires (Aeroparque) - Goiânia,AEP,GYN,07/02/2027,17/02/2027,"R$ 3.086,00","R$ 3.315,00","R$ 3.086,00",gol,"15/09/2026, 04:02 a. m."
Buenos Aires (Aeroparque) - Goiânia,AEP,GYN,08/02/2027,18/02/2027,"R$ 3.871,00","R$ 3.366,00","R$ 3.366,00",aerolineas,"15/09/2026, 04:02 a. m."
Buenos Aires (Aeroparque) - Goiânia,AEP,GYN,09/02/2027,19/02/2027,"R$ 4.130,00","R$ 3.211,00","R$ 3.211,00",aerolineas,"15/09/2026, 04:02 a. m."
Buenos Aires (Aeroparque) - Goiânia,AEP,GYN,10/02/2027,20/02/2027,"R$ 4.251,00","R$ 3.211,00","R$ 3.211,00",aerolineas,"15/09/2026, 04:02 a. m."
Buenos Aires (Aeroparque) - Goiânia,AEP,GYN,11/02/2027,21/02/2027,"R$ 4.081,00","R$ 3.211,00","R$ 3.211,00",aerolineas,"15/09/2026, 04:02 a. m."
Buenos Aires (Aeroparque) - Goiânia,AEP,GYN,12/02/2027,22/02/2027,"R$ 3.379,00","R$ 3.487,00","R$ 3.379,00",gol,"15/09/2026, 04:02 a. m."
Buenos Aires (Aeroparque) - Goiânia,AEP,GYN,13/02/2027,23/02/2027,"R$ 3.086,00","R$ 3.332,00","R$ 3.086,00",gol,"15/09/2026, 04:02 a. m."
Buenos Aires (Aeroparque) - Goiânia,AEP,GYN,14/02/2027,24/02/2027,"R$ 3.084,00","R$ 3.089,00","R$ 3.084,00",gol,"15/09/2026, 04:02 a. m."
Buenos Aires (Aeroparque) - Goiânia,AEP,GYN,15/02/2027,25/02/2027,"R$ 3.141,00","R$ 3.089,00","R$ 3.089,00",aerolineas,"15/09/2026, 04:02 a. m."
Buenos Aires (Aeroparque) - Goiânia,AEP,GYN,16/02/2027,26/02/2027,"R$ 3.084,00","R$ 3.366,00","R$ 3.084,00",gol,"15/09/2026, 04:02 a. m."
Buenos Aires (Aeroparque) - Goiânia,AEP,GYN,17/02/2027,27/02/2027,"R$ 3.086,00","R$ 3.333,00","R$ 3.086,00",gol,"15/09/2026, 04:02 a. m."
Buenos Aires (Aeroparque) - Goiânia,AEP,GYN,18/02/2027,28/02/2027,"R$ 3.084,00","R$ 3.089,00","R$ 3.084,00",gol,"15/09/2026, 04:02 a. m."
Buenos Aires (Aeroparque) - Goiânia,AEP,GYN,19/02/2027,01/03/2027,"R$ 3.135,00","R$ 3.315,00","R$ 3.135,00",gol,"15/09/2026, 04:02 a. m."
Buenos Aires (Aeroparque) - Goiânia,AEP,GYN,20/02/2027,02/03/2027,"R$ 3.135,00","R$ 3.366,00","R$ 3.135,00",gol,"15/09/2026, 04:02 a. m."
Buenos Aires (Aeroparque) - Goiânia,AEP,GYN,21/02/2027,03/03/2027,"R$ 3.086,00","R$ 3.089,00","R$ 3.086,00",gol,"15/09/2026, 04:02 a. m."
Buenos Aires (Aeroparque) - Goiânia,AEP,GYN,22/02/2027,04/03/2027,"R$ 3.086,00","R$ 3.643,00","R$ 3.086,00",gol,"15/09/2026, 04:02 a. m."
Buenos Aires (Aeroparque) - Goiânia,AEP,GYN,23/02/2027,05/03/2027,"R$ 3.084,00","R$ 3.366,00","R$ 3.084,00",gol,"15/09/2026, 04:02 a. m."
Buenos Aires (Aeroparque) - Goiânia,AEP,GYN,24/02/2027,06/03/2027,"R$ 3.084,00","R$ 3.361,00","R$ 3.084,00",gol,"15/09/2026, 04:02 a. m."
Buenos Aires (Aeroparque) - Goiânia,AEP,GYN,25/02/2027,07/03/2027,"R$ 3.139,00","R$ 3.366,00","R$ 3.139,00",gol,"15/09/2026, 04:02 a. m."
Buenos Aires (Aeroparque) - Goiânia,AEP,GYN,26/02/2027,08/03/2027,"R$ 3.082,00","R$ 3.361,00","R$ 3.082,00",gol,"15/09/2026, 04:02 a. m."
Buenos Aires (Aeroparque) - Goiânia,AEP,GYN,27/02/2027,09/03/2027,"R$ 3.086,00","R$ 3.483,00","R$ 3.086,00",gol,"15/09/2026, 04:02 a. m."
Buenos Aires (Aeroparque) - Goiânia,AEP,GYN,28/02/2027,10/03/2027,"R$ 3.082,00","R$ 3.084,00","R$ 3.082,00",gol,"15/09/2026, 04:02 a. m."
Buenos Aires - Brasília,EZE,BSB,18/12/2026,28/12/2026,"R$ 4.019,00",,"R$ 4.019,00",gol,"15/09/2026, 04:01 a. m."
Buenos Aires - Brasília,EZE,BSB,19/12/2026,29/12/2026,"R$ 4.268,00",,"R$ 4.268,00",gol,"15/09/2026, 04:01 a. m."
Buenos Aires - Brasília,EZE,BSB,20/12/2026,30/12/2026,"R$ 4.407,00",,"R$ 4.407,00",gol,"15/09/2026, 04:01 a. m."
Buenos Aires - Brasília,EZE,BSB,21/12/2026,31/12/2026,"R$ 3.466,00",,"R$ 3.466,00",gol,"15/09/2026, 04:01 a. m."
Buenos Aires - Brasília,EZE,BSB,22/12/2026,01/01/2027,"R$ 3.998,00",,"R$ 3.998,00",gol,"15/09/2026, 04:01 a. m."
Buenos Aires - Brasília,EZE,BSB,23/12/2026,02/01/2027,"R$ 4.018,00",,"R$ 4.018,00",gol,"15/09/2026, 04:01 a. m."
Buenos Aires - Brasília,EZE,BSB,24/12/2026,03/01/2027,"R$ 4.190,00",,"R$ 4.190,00",gol,"15/09/2026, 04:01 a. m."
Buenos Aires - Brasília,EZE,BSB,25/12/2026,04/01/2027,"R$ 4.013,00",,"R$ 4.013,00",gol,"15/09/2026, 04:01 a. m."
Buenos Aires - Brasília,EZE,BSB,26/12/2026,05/01/2027,"R$ 4.212,00",,"R$ 4.212,00",gol,"15/09/2026, 04:01 a. m."
Buenos Aires - Brasília,EZE,BSB,27/12/2026,06/01/2027,"R$ 5.147,00",,"R$ 5.147,00",gol,"15/09/2026, 04:01 a. m."
Buenos Aires - Brasília,EZE,BSB,28/12/2026,07/01/2027,"R$ 4.345,00",,"R$ 4.345,00",gol,"15/09/2026, 04:01 a. m."
Buenos Aires - Brasília,EZE,BSB,29/12/2026,08/01/2027,"R$ 4.594,00",,"R$ 4.594,00",gol,"15/09/2026, 04:01 a. m."
Buenos Aires - Brasília,EZE,BSB,30/12/2026,09/01/2027,"R$ 4.428,00",,"R$ 4.428,00",gol,"15/09/2026, 04:01 a. m."
Buenos Aires - Brasília,EZE,BSB,31/12/2026,10/01/2027,"R$ 3.626,00",,"R$ 3.626,00",gol,"15/09/2026, 04:01 a. m."
Buenos Aires - Brasília,EZE,BSB,01/01/2027,11/01/2027,"R$ 4.324,00","R$ 3.908,00","R$ 3.908,00",aerolineas,"15/09/2026, 04:01 a. m."
Buenos Aires - Brasília,EZE,BSB,02/01/2027,12/01/2027,"R$ 4.716,00","R$ 4.865,00","R$ 4.716,00",gol,"15/09/2026, 04:01 a. m."
Buenos Aires - Brasília,EZE,BSB,03/01/2027,13/01/2027,"R$ 5.048,00","R$ 5.142,00","R$ 5.048,00",gol,"15/09/2026, 04:01 a. m."
Buenos Aires - Brasília,EZE,BSB,04/01/2027,14/01/2027,"R$ 4.213,00","R$ 5.021,00","R$ 4.213,00",gol,"15/09/2026, 04:01 a. m."
Buenos Aires - Brasília,EZE,BSB,05/01/2027,15/01/2027,"R$ 4.545,00","R$ 5.004,00","R$ 4.545,00",gol,"15/09/2026, 04:01 a. m."
Buenos Aires - Brasília,EZE,BSB,06/01/2027,16/01/2027,"R$ 4.019,00","R$ 4.920,00","R$ 4.019,00",gol,"15/09/2026, 04:01 a. m."
Buenos Aires - Brasília,EZE,BSB,07/01/2027,17/01/2027,"R$ 3.626,00","R$ 4.517,00","R$ 3.626,00",gol,"15/09/2026, 04:01 a. m."
Buenos Aires - Brasília,EZE,BSB,08/01/2027,18/01/2027,"R$ 3.626,00","R$ 3.709,00","R$ 3.626,00",gol,"15/09/2026, 04:01 a. m."
Buenos Aires - Brasília,EZE,BSB,09/01/2027,19/01/2027,"R$ 3.460,00","R$ 4.517,00","R$ 3.460,00",gol,"15/09/2026, 04:01 a. m."
Buenos Aires - Brasília,EZE,BSB,10/01/2027,20/01/2027,"R$ 3.460,00","R$ 3.908,00","R$ 3.460,00",gol,"15/09/2026, 04:01 a. m."
Buenos Aires - Brasília,EZE,BSB,11/01/2027,21/01/2027,"R$ 3.605,00","R$ 3.578,00","R$ 3.578,00",aerolineas,"15/09/2026, 04:01 a. m."
Buenos Aires - Brasília,EZE,BSB,12/01/2027,22/01/2027,"R$ 4.020,00","R$ 4.185,00","R$ 4.020,00",gol,"15/09/2026, 04:01 a. m."
Buenos Aires - Brasília,EZE,BSB,13/01/2027,23/01/2027,"R$ 3.859,00","R$ 3.565,00","R$ 3.565,00",aerolineas,"15/09/2026, 04:01 a. m."
Buenos Aires - Brasília,EZE,BSB,14/01/2027,24/01/2027,"R$ 3.688,00","R$ 3.704,00","R$ 3.688,00",gol,"15/09/2026, 04:01 a. m."
Buenos Aires - Brasília,EZE,BSB,15/01/2027,25/01/2027,"R$ 4.020,00","R$ 3.578,00","R$ 3.578,00",aerolineas,"15/09/2026, 04:01 a. m."
Buenos Aires - Brasília,EZE,BSB,16/01/2027,26/01/2027,"R$ 3.162,00","R$ 3.926,00","R$ 3.162,00",gol,"15/09/2026, 04:01 a. m."
Buenos Aires - Brasília,EZE,BSB,17/01/2027,27/01/2027,"R$ 3.300,00","R$ 3.671,00","R$ 3.300,00",gol,"15/09/2026, 04:01 a. m."
Buenos Aires - Brasília,EZE,BSB,18/01/2027,28/01/2027,"R$ 3.322,00","R$ 3.550,00","R$ 3.322,00",gol,"15/09/2026, 04:01 a. m."
Buenos Aires - Brasília,EZE,BSB,19/01/2027,29/01/2027,"R$ 3.322,00","R$ 3.671,00","R$ 3.322,00",gol,"15/09/2026, 04:01 a. m."
Buenos Aires - Brasília,EZE,BSB,20/01/2027,30/01/2027,"R$ 3.161,00","R$ 3.692,00","R$ 3.161,00",gol,"15/09/2026, 04:01 a. m."
Buenos Aires - Brasília,EZE,BSB,21/01/2027,31/01/2027,"R$ 3.279,00","R$ 3.428,00","R$ 3.279,00",gol,"15/09/2026, 04:01 a. m."
Buenos Aires - Brasília,EZE,BSB,22/01/2027,01/02/2027,"R$ 3.322,00","R$ 1.863,00","R$ 1.863,00",aerolineas,"15/09/2026, 04:01 a. m."
Buenos Aires - Brasília,EZE,BSB,23/01/2027,02/02/2027,"R$ 3.023,00","R$ 1.985,00","R$ 1.985,00",aerolineas,"15/09/2026, 04:01 a. m."
Buenos Aires - Brasília,EZE,BSB,24/01/2027,03/02/2027,"R$ 4.319,00","R$ 1.985,00","R$ 1.985,00",aerolineas,"15/09/2026, 04:01 a. m."
Buenos Aires - Brasília,EZE,BSB,25/01/2027,04/02/2027,"R$ 4.319,00","R$ 1.876,00","R$ 1.876,00",aerolineas,"15/09/2026, 04:01 a. m."
Buenos Aires - Brasília,EZE,BSB,26/01/2027,05/02/2027,"R$ 4.319,00","R$ 1.863,00","R$ 1.863,00",aerolineas,"15/09/2026, 04:01 a. m."
Buenos Aires - Brasília,EZE,BSB,27/01/2027,06/02/2027,"R$ 4.296,00","R$ 1.742,00","R$ 1.742,00",aerolineas,"15/09/2026, 04:01 a. m."
Buenos Aires - Brasília,EZE,BSB,28/01/2027,07/02/2027,"R$ 3.184,00","R$ 1.742,00","R$ 1.742,00",aerolineas,"15/09/2026, 04:01 a. m."
Buenos Aires - Brasília,EZE,BSB,29/01/2027,08/02/2027,"R$ 4.319,00","R$ 1.863,00","R$ 1.863,00",aerolineas,"15/09/2026, 04:01 a. m."
Buenos Aires - Brasília,EZE,BSB,30/01/2027,09/02/2027,"R$ 4.158,00","R$ 1.864,00","R$ 1.864,00",aerolineas,"15/09/2026, 04:01 a. m."
Buenos Aires - Brasília,EZE,BSB,31/01/2027,10/02/2027,"R$ 4.297,00","R$ 1.985,00","R$ 1.985,00",aerolineas,"15/09/2026, 04:01 a. m."
Buenos Aires - Brasília,EZE,BSB,01/02/2027,11/02/2027,"R$ 4.457,00","R$ 2.109,00","R$ 2.109,00",aerolineas,"15/09/2026, 04:01 a. m."
Buenos Aires - Brasília,EZE,BSB,02/02/2027,12/02/2027,"R$ 3.467,00","R$ 1.716,00","R$ 1.716,00",aerolineas,"15/09/2026, 04:01 a. m."
Buenos Aires - Brasília,EZE,BSB,03/02/2027,13/02/2027,"R$ 4.601,00","R$ 1.716,00","R$ 1.716,00",aerolineas,"15/09/2026, 04:01 a. m."
Buenos Aires - Brasília,EZE,BSB,04/02/2027,14/02/2027,"R$ 4.602,00","R$ 1.716,00","R$ 1.716,00",aerolineas,"15/09/2026, 04:01 a. m."
Buenos Aires - Brasília,EZE,BSB,05/02/2027,15/02/2027,"R$ 4.457,00","R$ 1.716,00","R$ 1.716,00",aerolineas,"15/09/2026, 04:01 a. m."
Buenos Aires - Brasília,EZE,BSB,06/02/2027,16/02/2027,"R$ 4.158,00","R$ 3.071,00","R$ 3.071,00",aerolineas,"15/09/2026, 04:01 a. m."
Buenos Aires - Brasília,EZE,BSB,07/02/2027,17/02/2027,"R$ 3.024,00","R$ 3.344,00","R$ 3.024,00",gol,"15/09/2026, 04:01 a. m."
Buenos Aires - Brasília,EZE,BSB,08/02/2027,18/02/2027,"R$ 4.159,00","R$ 3.105,00","R$ 3.105,00",aerolineas,"15/09/2026, 04:01 a. m."
Buenos Aires - Brasília,EZE,BSB,09/02/2027,19/02/2027,"R$ 4.292,00","R$ 3.225,00","R$ 3.225,00",aerolineas,"15/09/2026, 04:01 a. m."
Buenos Aires - Brasília,EZE,BSB,10/02/2027,20/02/2027,"R$ 4.291,00","R$ 3.238,00","R$ 3.238,00",aerolineas,"15/09/2026, 04:01 a. m."
Buenos Aires - Brasília,EZE,BSB,11/02/2027,21/02/2027,"R$ 4.159,00","R$ 3.345,00","R$ 3.345,00",aerolineas,"15/09/2026, 04:01 a. m."
Buenos Aires - Brasília,EZE,BSB,12/02/2027,22/02/2027,"R$ 3.307,00","R$ 3.225,00","R$ 3.225,00",aerolineas,"15/09/2026, 04:01 a. m."
Buenos Aires - Brasília,EZE,BSB,13/02/2027,23/02/2027,"R$ 3.306,00","R$ 3.345,00","R$ 3.306,00",gol,"15/09/2026, 04:01 a. m."
Buenos Aires - Brasília,EZE,BSB,14/02/2027,24/02/2027,"R$ 3.307,00","R$ 3.651,00","R$ 3.307,00",gol,"15/09/2026, 04:01 a. m."
Buenos Aires - Brasília,EZE,BSB,15/02/2027,25/02/2027,"R$ 3.162,00","R$ 3.378,00","R$ 3.162,00",gol,"15/09/2026, 04:01 a. m."
Buenos Aires - Brasília,EZE,BSB,16/02/2027,26/02/2027,"R$ 2.864,00","R$ 3.378,00","R$ 2.864,00",gol,"15/09/2026, 04:01 a. m."
Buenos Aires - Brasília,EZE,BSB,17/02/2027,27/02/2027,"R$ 2.863,00","R$ 3.345,00","R$ 2.863,00",gol,"15/09/2026, 04:01 a. m."
Buenos Aires - Brasília,EZE,BSB,18/02/2027,28/02/2027,"R$ 2.885,00","R$ 3.105,00","R$ 2.885,00",gol,"15/09/2026, 04:01 a. m."
Buenos Aires - Brasília,EZE,BSB,19/02/2027,01/03/2027,"R$ 3.135,00","R$ 1.716,00","R$ 1.716,00",aerolineas,"15/09/2026, 04:01 a. m."
Buenos Aires - Brasília,EZE,BSB,20/02/2027,02/03/2027,"R$ 2.996,00","R$ 1.989,00","R$ 1.989,00",aerolineas,"15/09/2026, 04:01 a. m."
Buenos Aires - Brasília,EZE,BSB,21/02/2027,03/03/2027,"R$ 2.864,00","R$ 1.989,00","R$ 1.989,00",aerolineas,"15/09/2026, 04:01 a. m."
Buenos Aires - Brasília,EZE,BSB,22/02/2027,04/03/2027,"R$ 2.864,00","R$ 1.716,00","R$ 1.716,00",aerolineas,"15/09/2026, 04:01 a. m."
Buenos Aires - Brasília,EZE,BSB,23/02/2027,05/03/2027,"R$ 2.864,00","R$ 1.989,00","R$ 1.989,00",aerolineas,"15/09/2026, 04:01 a. m."
Buenos Aires - Brasília,EZE,BSB,24/02/2027,06/03/2027,"R$ 2.863,00","R$ 1.716,00","R$ 1.716,00",aerolineas,"15/09/2026, 04:01 a. m."
Buenos Aires - Brasília,EZE,BSB,25/02/2027,07/03/2027,"R$ 3.002,00","R$ 1.716,00","R$ 1.716,00",aerolineas,"15/09/2026, 04:01 a. m."
Buenos Aires - Brasília,EZE,BSB,26/02/2027,08/03/2027,"R$ 2.864,00","R$ 1.836,00","R$ 1.836,00",aerolineas,"15/09/2026, 04:01 a. m."
Buenos Aires - Brasília,EZE,BSB,27/02/2027,09/03/2027,"R$ 2.863,00","R$ 1.989,00","R$ 1.989,00",aerolineas,"15/09/2026, 04:01 a. m."
Buenos Aires - Brasília,EZE,BSB,28/02/2027,10/03/2027,"R$ 2.885,00","R$ 1.989,00","R$ 1.989,00",aerolineas,"15/09/2026, 04:01 a. m."
Buenos Aires - Goiânia,EZE,GYN,18/12/2026,28/12/2026,"R$ 4.174,00","R$ 3.118,00","R$ 3.118,00",aerolineas,"15/09/2026, 04:00 a. m."
Buenos Aires - Goiânia,EZE,GYN,19/12/2026,29/12/2026,"R$ 4.517,00","R$ 3.206,00","R$ 3.206,00",aerolineas,"15/09/2026, 04:00 a. m."
Buenos Aires - Goiânia,EZE,GYN,20/12/2026,30/12/2026,"R$ 4.539,00","R$ 2.996,00","R$ 2.996,00",aerolineas,"15/09/2026, 04:00 a. m."
Buenos Aires - Goiânia,EZE,GYN,21/12/2026,31/12/2026,"R$ 3.693,00","R$ 3.211,00","R$ 3.211,00",aerolineas,"15/09/2026, 04:00 a. m."
Buenos Aires - Goiânia,EZE,GYN,22/12/2026,01/01/2027,"R$ 4.153,00","R$ 4.196,00","R$ 4.153,00",gol,"15/09/2026, 04:00 a. m."
Buenos Aires - Goiânia,EZE,GYN,23/12/2026,02/01/2027,"R$ 4.217,00","R$ 3.632,00","R$ 3.632,00",aerolineas,"15/09/2026, 04:00 a. m."
Buenos Aires - Goiânia,EZE,GYN,24/12/2026,03/01/2027,"R$ 4.318,00","R$ 3.504,00","R$ 3.504,00",aerolineas,"15/09/2026, 04:00 a. m."
Buenos Aires - Goiânia,EZE,GYN,25/12/2026,04/01/2027,"R$ 4.085,00","R$ 3.642,00","R$ 3.642,00",aerolineas,"15/09/2026, 04:00 a. m."
Buenos Aires - Goiânia,EZE,GYN,26/12/2026,05/01/2027,"R$ 4.538,00","R$ 4.732,00","R$ 4.538,00",gol,"15/09/2026, 04:00 a. m."
Buenos Aires - Goiânia,EZE,GYN,27/12/2026,06/01/2027,"R$ 5.019,00","R$ 3.848,00","R$ 3.848,00",aerolineas,"15/09/2026, 04:00 a. m."
Buenos Aires - Goiânia,EZE,GYN,28/12/2026,07/01/2027,"R$ 4.195,00","R$ 4.124,00","R$ 4.124,00",aerolineas,"15/09/2026, 04:00 a. m."
Buenos Aires - Goiânia,EZE,GYN,29/12/2026,08/01/2027,"R$ 4.538,00","R$ 4.456,00","R$ 4.456,00",aerolineas,"15/09/2026, 04:00 a. m."
Buenos Aires - Goiânia,EZE,GYN,30/12/2026,09/01/2027,"R$ 4.560,00","R$ 4.227,00","R$ 4.227,00",aerolineas,"15/09/2026, 04:00 a. m."
Buenos Aires - Goiânia,EZE,GYN,31/12/2026,10/01/2027,"R$ 3.714,00","R$ 4.201,00","R$ 3.714,00",gol,"15/09/2026, 04:00 a. m."
Buenos Aires - Goiânia,EZE,GYN,01/01/2027,11/01/2027,"R$ 4.174,00","R$ 4.400,00","R$ 4.174,00",gol,"15/09/2026, 04:00 a. m."
Buenos Aires - Goiânia,EZE,GYN,02/01/2027,12/01/2027,"R$ 4.677,00","R$ 5.357,00","R$ 4.677,00",gol,"15/09/2026, 04:00 a. m."
Buenos Aires - Goiânia,EZE,GYN,03/01/2027,13/01/2027,"R$ 4.799,00","R$ 5.081,00","R$ 4.799,00",gol,"15/09/2026, 04:00 a. m."
Buenos Aires - Goiânia,EZE,GYN,04/01/2027,14/01/2027,"R$ 4.407,00","R$ 5.087,00","R$ 4.407,00",gol,"15/09/2026, 04:00 a. m."
Buenos Aires - Goiânia,EZE,GYN,05/01/2027,15/01/2027,"R$ 4.174,00","R$ 5.219,00","R$ 4.174,00",gol,"15/09/2026, 04:00 a. m."
Buenos Aires - Goiânia,EZE,GYN,06/01/2027,16/01/2027,"R$ 4.655,00","R$ 4.842,00","R$ 4.655,00",gol,"15/09/2026, 04:00 a. m."
Buenos Aires - Goiânia,EZE,GYN,07/01/2027,17/01/2027,"R$ 3.714,00","R$ 4.732,00","R$ 3.714,00",gol,"15/09/2026, 04:00 a. m."
Buenos Aires - Goiânia,EZE,GYN,08/01/2027,18/01/2027,"R$ 3.714,00","R$ 4.201,00","R$ 3.714,00",gol,"15/09/2026, 04:00 a. m."
Buenos Aires - Goiânia,EZE,GYN,09/01/2027,19/01/2027,"R$ 3.714,00","R$ 4.733,00","R$ 3.714,00",gol,"15/09/2026, 04:00 a. m."
Buenos Aires - Goiânia,EZE,GYN,10/01/2027,20/01/2027,"R$ 3.714,00","R$ 4.124,00","R$ 3.714,00",gol,"15/09/2026, 04:00 a. m."
Buenos Aires - Goiânia,EZE,GYN,11/01/2027,21/01/2027,"R$ 3.693,00","R$ 4.124,00","R$ 3.693,00",gol,"15/09/2026, 04:00 a. m."
Buenos Aires - Goiânia,EZE,GYN,12/01/2027,22/01/2027,"R$ 4.174,00","R$ 4.124,00","R$ 4.124,00",aerolineas,"15/09/2026, 04:00 a. m."
Buenos Aires - Goiânia,EZE,GYN,13/01/2027,23/01/2027,"R$ 4.174,00","R$ 4.057,00","R$ 4.057,00",aerolineas,"15/09/2026, 04:00 a. m."
Buenos Aires - Goiânia,EZE,GYN,14/01/2027,24/01/2027,"R$ 4.036,00","R$ 3.919,00","R$ 3.919,00",aerolineas,"15/09/2026, 04:00 a. m."
Buenos Aires - Goiânia,EZE,GYN,15/01/2027,25/01/2027,"R$ 4.153,00","R$ 4.201,00","R$ 4.153,00",gol,"15/09/2026, 04:00 a. m."
Buenos Aires - Goiânia,EZE,GYN,16/01/2027,26/01/2027,"R$ 4.153,00","R$ 4.262,00","R$ 4.153,00",gol,"15/09/2026, 04:00 a. m."
Buenos Aires - Goiânia,EZE,GYN,17/01/2027,27/01/2027,"R$ 3.693,00","R$ 3.609,00","R$ 3.609,00",aerolineas,"15/09/2026, 04:00 a. m."
Buenos Aires - Goiânia,EZE,GYN,18/01/2027,28/01/2027,"R$ 3.693,00","R$ 4.306,00","R$ 3.693,00",gol,"15/09/2026, 04:00 a. m."
Buenos Aires - Goiânia,EZE,GYN,19/01/2027,29/01/2027,"R$ 3.693,00","R$ 3.609,00","R$ 3.609,00",aerolineas,"15/09/2026, 04:00 a. m."
Buenos Aires - Goiânia,EZE,GYN,20/01/2027,30/01/2027,"R$ 3.714,00","R$ 3.908,00","R$ 3.714,00",gol,"15/09/2026, 04:00 a. m."
Buenos Aires - Goiânia,EZE,GYN,21/01/2027,31/01/2027,"R$ 3.672,00","R$ 3.488,00","R$ 3.488,00",aerolineas,"15/09/2026, 04:00 a. m."
Buenos Aires - Goiânia,EZE,GYN,22/01/2027,01/02/2027,"R$ 3.714,00","R$ 3.437,00","R$ 3.437,00",aerolineas,"15/09/2026, 04:00 a. m."
Buenos Aires - Goiânia,EZE,GYN,23/01/2027,02/02/2027,"R$ 3.714,00","R$ 3.886,00","R$ 3.714,00",gol,"15/09/2026, 04:00 a. m."
Buenos Aires - Goiânia,EZE,GYN,24/01/2027,03/02/2027,"R$ 4.517,00","R$ 3.609,00","R$ 3.609,00",aerolineas,"15/09/2026, 04:00 a. m."
Buenos Aires - Goiânia,EZE,GYN,25/01/2027,04/02/2027,"R$ 4.496,00","R$ 4.229,00","R$ 4.229,00",aerolineas,"15/09/2026, 04:00 a. m."
Buenos Aires - Goiânia,EZE,GYN,26/01/2027,05/02/2027,"R$ 4.496,00","R$ 3.903,00","R$ 3.903,00",aerolineas,"15/09/2026, 04:00 a. m."
Buenos Aires - Goiânia,EZE,GYN,27/01/2027,06/02/2027,"R$ 4.517,00","R$ 3.366,00","R$ 3.366,00",aerolineas,"15/09/2026, 04:00 a. m."
Buenos Aires - Goiânia,EZE,GYN,28/01/2027,07/02/2027,"R$ 3.672,00","R$ 3.919,00","R$ 3.672,00",gol,"15/09/2026, 04:00 a. m."
Buenos Aires - Goiânia,EZE,GYN,29/01/2027,08/02/2027,"R$ 4.496,00","R$ 3.764,00","R$ 3.764,00",aerolineas,"15/09/2026, 04:00 a. m."
Buenos Aires - Goiânia,EZE,GYN,30/01/2027,09/02/2027,"R$ 4.517,00","R$ 3.908,00","R$ 3.908,00",aerolineas,"15/09/2026, 04:00 a. m."
Buenos Aires - Goiânia,EZE,GYN,31/01/2027,10/02/2027,"R$ 4.496,00","R$ 3.885,00","R$ 3.885,00",aerolineas,"15/09/2026, 04:00 a. m."
Buenos Aires - Goiânia,EZE,GYN,01/02/2027,11/02/2027,"R$ 4.517,00","R$ 3.764,00","R$ 3.764,00",aerolineas,"15/09/2026, 04:00 a. m."
Buenos Aires - Goiânia,EZE,GYN,02/02/2027,12/02/2027,"R$ 3.693,00","R$ 3.643,00","R$ 3.643,00",aerolineas,"15/09/2026, 04:00 a. m."
Buenos Aires - Goiânia,EZE,GYN,03/02/2027,13/02/2027,"R$ 4.517,00","R$ 3.366,00","R$ 3.366,00",aerolineas,"15/09/2026, 04:00 a. m."
Buenos Aires - Goiânia,EZE,GYN,04/02/2027,14/02/2027,"R$ 4.496,00","R$ 3.643,00","R$ 3.643,00",aerolineas,"15/09/2026, 04:00 a. m."
Buenos Aires - Goiânia,EZE,GYN,05/02/2027,15/02/2027,"R$ 4.517,00","R$ 3.211,00","R$ 3.211,00",aerolineas,"15/09/2026, 04:00 a. m."
Buenos Aires - Goiânia,EZE,GYN,06/02/2027,16/02/2027,"R$ 4.517,00","R$ 3.039,00","R$ 3.039,00",aerolineas,"15/09/2026, 04:00 a. m."
Buenos Aires - Goiânia,EZE,GYN,07/02/2027,17/02/2027,"R$ 3.672,00","R$ 3.315,00","R$ 3.315,00",aerolineas,"15/09/2026, 04:00 a. m."
Buenos Aires - Goiânia,EZE,GYN,08/02/2027,18/02/2027,"R$ 4.496,00","R$ 3.366,00","R$ 3.366,00",aerolineas,"15/09/2026, 04:00 a. m."
Buenos Aires - Goiânia,EZE,GYN,09/02/2027,19/02/2027,"R$ 4.579,00","R$ 3.211,00","R$ 3.211,00",aerolineas,"15/09/2026, 04:00 a. m."
Buenos Aires - Goiânia,EZE,GYN,10/02/2027,20/02/2027,"R$ 4.600,00","R$ 3.488,00","R$ 3.488,00",aerolineas,"15/09/2026, 04:00 a. m."
Buenos Aires - Goiânia,EZE,GYN,11/02/2027,21/02/2027,"R$ 4.496,00","R$ 3.211,00","R$ 3.211,00",aerolineas,"15/09/2026, 04:00 a. m."
Buenos Aires - Goiânia,EZE,GYN,12/02/2027,22/02/2027,"R$ 3.672,00","R$ 3.487,00","R$ 3.487,00",aerolineas,"15/09/2026, 04:00 a. m."
Buenos Aires - Goiânia,EZE,GYN,13/02/2027,23/02/2027,"R$ 3.693,00","R$ 3.332,00","R$ 3.332,00",aerolineas,"15/09/2026, 04:00 a. m."
Buenos Aires - Goiânia,EZE,GYN,14/02/2027,24/02/2027,"R$ 3.672,00","R$ 3.089,00","R$ 3.089,00",aerolineas,"15/09/2026, 04:00 a. m."
Buenos Aires - Goiânia,EZE,GYN,15/02/2027,25/02/2027,"R$ 3.693,00","R$ 3.089,00","R$ 3.089,00",aerolineas,"15/09/2026, 04:00 a. m."
Buenos Aires - Goiânia,EZE,GYN,16/02/2027,26/02/2027,"R$ 3.672,00","R$ 3.366,00","R$ 3.366,00",aerolineas,"15/09/2026, 04:00 a. m."
Buenos Aires - Goiânia,EZE,GYN,17/02/2027,27/02/2027,"R$ 3.693,00","R$ 3.609,00","R$ 3.609,00",aerolineas,"15/09/2026, 04:00 a. m."
Buenos Aires - Goiânia,EZE,GYN,18/02/2027,28/02/2027,"R$ 3.672,00","R$ 3.089,00","R$ 3.089,00",aerolineas,"15/09/2026, 04:00 a. m."
Buenos Aires - Goiânia,EZE,GYN,19/02/2027,01/03/2027,"R$ 3.755,00","R$ 3.315,00","R$ 3.315,00",aerolineas,"15/09/2026, 04:00 a. m."
Buenos Aires - Goiânia,EZE,GYN,20/02/2027,02/03/2027,"R$ 3.776,00","R$ 3.366,00","R$ 3.366,00",aerolineas,"15/09/2026, 04:00 a. m."
Buenos Aires - Goiânia,EZE,GYN,21/02/2027,03/03/2027,"R$ 3.672,00","R$ 3.366,00","R$ 3.366,00",aerolineas,"15/09/2026, 04:00 a. m."
Buenos Aires - Goiânia,EZE,GYN,22/02/2027,04/03/2027,"R$ 3.672,00","R$ 3.643,00","R$ 3.643,00",aerolineas,"15/09/2026, 04:00 a. m."
Buenos Aires - Goiânia,EZE,GYN,23/02/2027,05/03/2027,"R$ 3.672,00","R$ 3.089,00","R$ 3.089,00",aerolineas,"15/09/2026, 04:00 a. m."
Buenos Aires - Goiânia,EZE,GYN,24/02/2027,06/03/2027,"R$ 3.672,00","R$ 3.361,00","R$ 3.361,00",aerolineas,"15/09/2026, 04:00 a. m."
Buenos Aires - Goiânia,EZE,GYN,25/02/2027,07/03/2027,"R$ 3.672,00","R$ 3.089,00","R$ 3.089,00",aerolineas,"15/09/2026, 04:00 a. m."
Buenos Aires - Goiânia,EZE,GYN,26/02/2027,08/03/2027,"R$ 3.672,00","R$ 3.361,00","R$ 3.361,00",aerolineas,"15/09/2026, 04:00 a. m."
Buenos Aires - Goiânia,EZE,GYN,27/02/2027,09/03/2027,"R$ 3.693,00","R$ 3.206,00","R$ 3.206,00",aerolineas,"15/09/2026, 04:00 a. m."
Buenos Aires - Goiânia,EZE,GYN,28/02/2027,10/03/2027,"R$ 3.672,00","R$ 3.084,00","R$ 3.084,00",aerolineas,"15/09/2026, 04:00 a. m."
San Luis - Buenos Aires,LUQ,AEP,18/12/2026,28/12/2026,,"R$ 1.564,00","R$ 1.564,00",aerolineas,"15/09/2026, 02:01 a. m."
San Luis - Buenos Aires,LUQ,AEP,19/12/2026,29/12/2026,,"R$ 1.633,00","R$ 1.633,00",aerolineas,"15/09/2026, 02:01 a. m."
San Luis - Buenos Aires,LUQ,AEP,20/12/2026,30/12/2026,,"R$ 1.975,00","R$ 1.975,00",aerolineas,"15/09/2026, 02:01 a. m."
San Luis - Buenos Aires,LUQ,AEP,21/12/2026,31/12/2026,,"R$ 1.347,00","R$ 1.347,00",aerolineas,"15/09/2026, 02:01 a. m."
San Luis - Buenos Aires,LUQ,AEP,22/12/2026,01/01/2027,,"R$ 639,00","R$ 639,00",aerolineas,"15/09/2026, 02:01 a. m."
San Luis - Buenos Aires,LUQ,AEP,23/12/2026,02/01/2027,,"R$ 1.564,00","R$ 1.564,00",aerolineas,"15/09/2026, 02:01 a. m."
San Luis - Buenos Aires,LUQ,AEP,24/12/2026,03/01/2027,,"R$ 1.278,00","R$ 1.278,00",aerolineas,"15/09/2026, 02:01 a. m."
San Luis - Buenos Aires,LUQ,AEP,25/12/2026,04/01/2027,,"R$ 1.278,00","R$ 1.278,00",aerolineas,"15/09/2026, 02:01 a. m."
San Luis - Buenos Aires,LUQ,AEP,26/12/2026,05/01/2027,,"R$ 1.718,00","R$ 1.718,00",aerolineas,"15/09/2026, 02:01 a. m."
San Luis - Buenos Aires,LUQ,AEP,27/12/2026,06/01/2027,,"R$ 1.906,00","R$ 1.906,00",aerolineas,"15/09/2026, 02:01 a. m."
San Luis - Buenos Aires,LUQ,AEP,28/12/2026,07/01/2027,,"R$ 1.564,00","R$ 1.564,00",aerolineas,"15/09/2026, 02:01 a. m."
San Luis - Buenos Aires,LUQ,AEP,29/12/2026,08/01/2027,,"R$ 1.278,00","R$ 1.278,00",aerolineas,"15/09/2026, 02:01 a. m."
San Luis - Buenos Aires,LUQ,AEP,30/12/2026,09/01/2027,,"R$ 1.718,00","R$ 1.718,00",aerolineas,"15/09/2026, 02:01 a. m."
San Luis - Buenos Aires,LUQ,AEP,01/01/2027,11/01/2027,,"R$ 1.278,00","R$ 1.278,00",aerolineas,"15/09/2026, 02:01 a. m."
San Luis - Buenos Aires,LUQ,AEP,02/01/2027,12/01/2027,,"R$ 1.718,00","R$ 1.718,00",aerolineas,"15/09/2026, 02:01 a. m."
San Luis - Buenos Aires,LUQ,AEP,03/01/2027,13/01/2027,,"R$ 1.718,00","R$ 1.718,00",aerolineas,"15/09/2026, 02:01 a. m."
San Luis - Buenos Aires,LUQ,AEP,04/01/2027,14/01/2027,,"R$ 1.718,00","R$ 1.718,00",aerolineas,"15/09/2026, 02:01 a. m."
San Luis - Buenos Aires,LUQ,AEP,05/01/2027,15/01/2027,,"R$ 1.347,00","R$ 1.347,00",aerolineas,"15/09/2026, 02:01 a. m."
San Luis - Buenos Aires,LUQ,AEP,06/01/2027,16/01/2027,,"R$ 1.347,00","R$ 1.347,00",aerolineas,"15/09/2026, 02:01 a. m."
San Luis - Buenos Aires,LUQ,AEP,07/01/2027,17/01/2027,,"R$ 1.416,00","R$ 1.416,00",aerolineas,"15/09/2026, 02:01 a. m."
San Luis - Buenos Aires,LUQ,AEP,08/01/2027,18/01/2027,,"R$ 1.278,00","R$ 1.278,00",aerolineas,"15/09/2026, 02:01 a. m."
San Luis - Buenos Aires,LUQ,AEP,09/01/2027,19/01/2027,,"R$ 1.347,00","R$ 1.347,00",aerolineas,"15/09/2026, 02:01 a. m."
San Luis - Buenos Aires,LUQ,AEP,10/01/2027,20/01/2027,,"R$ 1.278,00","R$ 1.278,00",aerolineas,"15/09/2026, 02:01 a. m."
San Luis - Buenos Aires,LUQ,AEP,11/01/2027,21/01/2027,,"R$ 1.278,00","R$ 1.278,00",aerolineas,"15/09/2026, 02:01 a. m."
San Luis - Buenos Aires,LUQ,AEP,12/01/2027,22/01/2027,,"R$ 1.278,00","R$ 1.278,00",aerolineas,"15/09/2026, 02:01 a. m."
San Luis - Buenos Aires,LUQ,AEP,13/01/2027,23/01/2027,,"R$ 1.347,00","R$ 1.347,00",aerolineas,"15/09/2026, 02:01 a. m."
San Luis - Buenos Aires,LUQ,AEP,14/01/2027,24/01/2027,,"R$ 1.278,00","R$ 1.278,00",aerolineas,"15/09/2026, 02:01 a. m."
San Luis - Buenos Aires,LUQ,AEP,15/01/2027,25/01/2027,,"R$ 1.278,00","R$ 1.278,00",aerolineas,"15/09/2026, 02:01 a. m."
San Luis - Buenos Aires,LUQ,AEP,16/01/2027,26/01/2027,,"R$ 1.278,00","R$ 1.278,00",aerolineas,"15/09/2026, 02:01 a. m."
San Luis - Buenos Aires,LUQ,AEP,17/01/2027,27/01/2027,,"R$ 1.278,00","R$ 1.278,00",aerolineas,"15/09/2026, 02:01 a. m."
San Luis - Buenos Aires,LUQ,AEP,18/01/2027,28/01/2027,,"R$ 1.278,00","R$ 1.278,00",aerolineas,"15/09/2026, 02:01 a. m."
San Luis - Buenos Aires,LUQ,AEP,19/01/2027,29/01/2027,,"R$ 1.278,00","R$ 1.278,00",aerolineas,"15/09/2026, 02:01 a. m."
San Luis - Buenos Aires,LUQ,AEP,20/01/2027,30/01/2027,,"R$ 1.278,00","R$ 1.278,00",aerolineas,"15/09/2026, 02:01 a. m."
San Luis - Buenos Aires,LUQ,AEP,21/01/2027,31/01/2027,,"R$ 1.347,00","R$ 1.347,00",aerolineas,"15/09/2026, 02:01 a. m."
San Luis - Buenos Aires,LUQ,AEP,22/01/2027,01/02/2027,,"R$ 639,00","R$ 639,00",aerolineas,"15/09/2026, 02:01 a. m."
San Luis - Buenos Aires,LUQ,AEP,23/01/2027,02/02/2027,,"R$ 1.347,00","R$ 1.347,00",aerolineas,"15/09/2026, 02:01 a. m."
San Luis - Buenos Aires,LUQ,AEP,24/01/2027,03/02/2027,,"R$ 1.278,00","R$ 1.278,00",aerolineas,"15/09/2026, 02:01 a. m."
San Luis - Buenos Aires,LUQ,AEP,25/01/2027,04/02/2027,,"R$ 1.564,00","R$ 1.564,00",aerolineas,"15/09/2026, 02:01 a. m."
San Luis - Buenos Aires,LUQ,AEP,26/01/2027,05/02/2027,,"R$ 1.438,00","R$ 1.438,00",aerolineas,"15/09/2026, 02:01 a. m."
San Luis - Buenos Aires,LUQ,AEP,27/01/2027,06/02/2027,,"R$ 1.564,00","R$ 1.564,00",aerolineas,"15/09/2026, 02:01 a. m."
San Luis - Buenos Aires,LUQ,AEP,28/01/2027,07/02/2027,,"R$ 1.278,00","R$ 1.278,00",aerolineas,"15/09/2026, 02:01 a. m."
San Luis - Buenos Aires,LUQ,AEP,29/01/2027,08/02/2027,,"R$ 1.278,00","R$ 1.278,00",aerolineas,"15/09/2026, 02:01 a. m."
San Luis - Buenos Aires,LUQ,AEP,30/01/2027,09/02/2027,,"R$ 1.347,00","R$ 1.347,00",aerolineas,"15/09/2026, 02:01 a. m."
San Luis - Buenos Aires,LUQ,AEP,01/02/2027,11/02/2027,,"R$ 1.278,00","R$ 1.278,00",aerolineas,"15/09/2026, 02:01 a. m."
San Luis - Buenos Aires,LUQ,AEP,02/02/2027,12/02/2027,,"R$ 1.278,00","R$ 1.278,00",aerolineas,"15/09/2026, 02:01 a. m."
San Luis - Buenos Aires,LUQ,AEP,03/02/2027,13/02/2027,,"R$ 1.278,00","R$ 1.278,00",aerolineas,"15/09/2026, 02:01 a. m."
San Luis - Buenos Aires,LUQ,AEP,04/02/2027,14/02/2027,,"R$ 1.278,00","R$ 1.278,00",aerolineas,"15/09/2026, 02:01 a. m."
San Luis - Buenos Aires,LUQ,AEP,05/02/2027,15/02/2027,,"R$ 1.564,00","R$ 1.564,00",aerolineas,"15/09/2026, 02:01 a. m."
San Luis - Buenos Aires,LUQ,AEP,06/02/2027,16/02/2027,,"R$ 1.278,00","R$ 1.278,00",aerolineas,"15/09/2026, 02:01 a. m."
San Luis - Buenos Aires,LUQ,AEP,07/02/2027,17/02/2027,,"R$ 1.278,00","R$ 1.278,00",aerolineas,"15/09/2026, 02:01 a. m."
San Luis - Buenos Aires,LUQ,AEP,08/02/2027,18/02/2027,,"R$ 1.347,00","R$ 1.347,00",aerolineas,"15/09/2026, 02:01 a. m."
San Luis - Buenos Aires,LUQ,AEP,09/02/2027,19/02/2027,,"R$ 1.564,00","R$ 1.564,00",aerolineas,"15/09/2026, 02:01 a. m."
San Luis - Buenos Aires,LUQ,AEP,10/02/2027,20/02/2027,,"R$ 1.278,00","R$ 1.278,00",aerolineas,"15/09/2026, 02:01 a. m."
San Luis - Buenos Aires,LUQ,AEP,11/02/2027,21/02/2027,,"R$ 1.278,00","R$ 1.278,00",aerolineas,"15/09/2026, 02:01 a. m."
San Luis - Buenos Aires,LUQ,AEP,12/02/2027,22/02/2027,,"R$ 1.278,00","R$ 1.278,00",aerolineas,"15/09/2026, 02:01 a. m."
San Luis - Buenos Aires,LUQ,AEP,13/02/2027,23/02/2027,,"R$ 1.278,00","R$ 1.278,00",aerolineas,"15/09/2026, 02:01 a. m."
San Luis - Buenos Aires,LUQ,AEP,14/02/2027,24/02/2027,,"R$ 1.347,00","R$ 1.347,00",aerolineas,"15/09/2026, 02:01 a. m."
San Luis - Buenos Aires,LUQ,AEP,15/02/2027,25/02/2027,,"R$ 1.278,00","R$ 1.278,00",aerolineas,"15/09/2026, 02:01 a. m."
San Luis - Buenos Aires,LUQ,AEP,16/02/2027,26/02/2027,,"R$ 1.278,00","R$ 1.278,00",aerolineas,"15/09/2026, 02:01 a. m."
San Luis - Buenos Aires,LUQ,AEP,17/02/2027,27/02/2027,,"R$ 1.347,00","R$ 1.347,00",aerolineas,"15/09/2026, 02:01 a. m."
San Luis - Buenos Aires,LUQ,AEP,18/02/2027,28/02/2027,,"R$ 1.278,00","R$ 1.278,00",aerolineas,"15/09/2026, 02:01 a. m."
San Luis - Buenos Aires,LUQ,AEP,19/02/2027,01/03/2027,,"R$ 639,00","R$ 639,00",aerolineas,"15/09/2026, 02:01 a. m."
San Luis - Buenos Aires,LUQ,AEP,20/02/2027,02/03/2027,,"R$ 1.278,00","R$ 1.278,00",aerolineas,"15/09/2026, 02:01 a. m."
San Luis - Buenos Aires,LUQ,AEP,21/02/2027,03/03/2027,,"R$ 1.278,00","R$ 1.278,00",aerolineas,"15/09/2026, 02:01 a. m."
San Luis - Buenos Aires,LUQ,AEP,22/02/2027,04/03/2027,,"R$ 1.278,00","R$ 1.278,00",aerolineas,"15/09/2026, 02:01 a. m."
San Luis - Buenos Aires,LUQ,AEP,23/02/2027,05/03/2027,,"R$ 1.278,00","R$ 1.278,00",aerolineas,"15/09/2026, 02:01 a. m."
San Luis - Buenos Aires,LUQ,AEP,24/02/2027,06/03/2027,,"R$ 1.278,00","R$ 1.278,00",aerolineas,"15/09/2026, 02:01 a. m."
San Luis - Buenos Aires,LUQ,AEP,25/02/2027,07/03/2027,,"R$ 1.278,00","R$ 1.278,00",aerolineas,"15/09/2026, 02:01 a. m."
San Luis - Buenos Aires,LUQ,AEP,26/02/2027,08/03/2027,,"R$ 1.278,00","R$ 1.278,00",aerolineas,"15/09/2026, 02:01 a. m."
San Luis - Buenos Aires,LUQ,AEP,27/02/2027,09/03/2027,,"R$ 1.278,00","R$ 1.278,00",aerolineas,"15/09/2026, 02:01 a. m."
San Luis - Buenos Aires,LUQ,AEP,28/02/2027,10/03/2027,,"R$ 1.278,00","R$ 1.278,00",aerolineas,"15/09/2026, 02:01 a. m."
Santiago - Brasília,SCL,BSB,18/12/2026,28/12/2026,"R$ 4.145,00",,"R$ 4.145,00",gol,"09/09/2026, 02:22 p. m."
Santiago - Brasília,SCL,BSB,19/12/2026,29/12/2026,"R$ 3.285,00",,"R$ 3.285,00",gol,"13/09/2026, 02:11 p. m."
Santiago - Brasília,SCL,BSB,20/12/2026,30/12/2026,"R$ 1.617,00",,"R$ 1.617,00",gol,"13/09/2026, 02:11 p. m."
Santiago - Brasília,SCL,BSB,21/12/2026,31/12/2026,"R$ 3.056,00",,"R$ 3.056,00",gol,"09/09/2026, 02:22 p. m."
Santiago - Brasília,SCL,BSB,22/12/2026,01/01/2027,"R$ 1.617,00",,"R$ 1.617,00",gol,"13/09/2026, 02:11 p. m."
Santiago - Brasília,SCL,BSB,23/12/2026,02/01/2027,"R$ 4.378,00",,"R$ 4.378,00",gol,"09/09/2026, 02:22 p. m."
Santiago - Brasília,SCL,BSB,24/12/2026,03/01/2027,"R$ 3.351,00",,"R$ 3.351,00",gol,"13/09/2026, 02:11 p. m."
Santiago - Brasília,SCL,BSB,25/12/2026,04/01/2027,"R$ 4.013,00",,"R$ 4.013,00",gol,"09/09/2026, 02:22 p. m."
Santiago - Brasília,SCL,BSB,26/12/2026,05/01/2027,"R$ 3.234,00",,"R$ 3.234,00",gol,"13/09/2026, 02:11 p. m."
Santiago - Brasília,SCL,BSB,27/12/2026,06/01/2027,"R$ 1.902,00",,"R$ 1.902,00",gol,"13/09/2026, 02:11 p. m."
Santiago - Brasília,SCL,BSB,28/12/2026,07/01/2027,"R$ 4.593,00",,"R$ 4.593,00",gol,"09/09/2026, 02:22 p. m."
Santiago - Brasília,SCL,BSB,29/12/2026,08/01/2027,"R$ 1.617,00",,"R$ 1.617,00",gol,"13/09/2026, 02:11 p. m."
Santiago - Brasília,SCL,BSB,30/12/2026,09/01/2027,"R$ 4.898,00",,"R$ 4.898,00",gol,"09/09/2026, 02:22 p. m."
Santiago - Brasília,SCL,BSB,31/12/2026,10/01/2027,"R$ 2.898,00",,"R$ 2.898,00",gol,"13/09/2026, 02:11 p. m."
Santiago - Brasília,SCL,BSB,01/01/2027,11/01/2027,"R$ 3.928,00",,"R$ 3.928,00",gol,"09/09/2026, 02:22 p. m."
Santiago - Brasília,SCL,BSB,02/01/2027,12/01/2027,"R$ 4.517,00",,"R$ 4.517,00",gol,"13/09/2026, 02:11 p. m."
Santiago - Brasília,SCL,BSB,03/01/2027,13/01/2027,"R$ 1.902,00",,"R$ 1.902,00",gol,"13/09/2026, 02:11 p. m."
Santiago - Brasília,SCL,BSB,04/01/2027,14/01/2027,"R$ 4.613,00",,"R$ 4.613,00",gol,"09/09/2026, 02:22 p. m."
Santiago - Brasília,SCL,BSB,05/01/2027,15/01/2027,"R$ 1.617,00",,"R$ 1.617,00",gol,"13/09/2026, 02:11 p. m."
Santiago - Brasília,SCL,BSB,06/01/2027,16/01/2027,"R$ 4.593,00",,"R$ 4.593,00",gol,"09/09/2026, 02:22 p. m."
Santiago - Brasília,SCL,BSB,07/01/2027,17/01/2027,"R$ 3.066,00",,"R$ 3.066,00",gol,"13/09/2026, 02:11 p. m."
Santiago - Brasília,SCL,BSB,08/01/2027,18/01/2027,"R$ 3.684,00",,"R$ 3.684,00",gol,"09/09/2026, 02:22 p. m."
Santiago - Brasília,SCL,BSB,09/01/2027,19/01/2027,"R$ 3.116,00",,"R$ 3.116,00",gol,"13/09/2026, 02:11 p. m."
Santiago - Brasília,SCL,BSB,10/01/2027,20/01/2027,"R$ 1.449,00",,"R$ 1.449,00",gol,"13/09/2026, 02:11 p. m."
Santiago - Brasília,SCL,BSB,11/01/2027,21/01/2027,"R$ 3.627,00",,"R$ 3.627,00",gol,"09/09/2026, 02:22 p. m."
Santiago - Brasília,SCL,BSB,12/01/2027,22/01/2027,"R$ 1.902,00",,"R$ 1.902,00",gol,"13/09/2026, 02:11 p. m."
Santiago - Brasília,SCL,BSB,13/01/2027,23/01/2027,"R$ 3.651,00",,"R$ 3.651,00",gol,"09/09/2026, 02:22 p. m."
Santiago - Brasília,SCL,BSB,14/01/2027,24/01/2027,"R$ 3.234,00",,"R$ 3.234,00",gol,"13/09/2026, 02:11 p. m."
Santiago - Brasília,SCL,BSB,15/01/2027,25/01/2027,"R$ 3.445,00",,"R$ 3.445,00",gol,"09/09/2026, 02:22 p. m."
Santiago - Brasília,SCL,BSB,16/01/2027,26/01/2027,"R$ 3.234,00",,"R$ 3.234,00",gol,"13/09/2026, 02:11 p. m."
Santiago - Brasília,SCL,BSB,17/01/2027,27/01/2027,"R$ 1.617,00",,"R$ 1.617,00",gol,"13/09/2026, 02:11 p. m."
Santiago - Brasília,SCL,BSB,18/01/2027,28/01/2027,"R$ 3.165,00",,"R$ 3.165,00",gol,"09/09/2026, 02:22 p. m."
Santiago - Brasília,SCL,BSB,19/01/2027,29/01/2027,"R$ 1.617,00",,"R$ 1.617,00",gol,"13/09/2026, 02:11 p. m."
Santiago - Brasília,SCL,BSB,20/01/2027,30/01/2027,"R$ 3.627,00",,"R$ 3.627,00",gol,"09/09/2026, 02:22 p. m."
Santiago - Brasília,SCL,BSB,21/01/2027,31/01/2027,"R$ 3.066,00",,"R$ 3.066,00",gol,"13/09/2026, 02:11 p. m."
Santiago - Brasília,SCL,BSB,22/01/2027,01/02/2027,"R$ 3.662,00",,"R$ 3.662,00",gol,"09/09/2026, 02:22 p. m."
Santiago - Brasília,SCL,BSB,23/01/2027,02/02/2027,"R$ 5.673,00",,"R$ 5.673,00",gol,"13/09/2026, 02:11 p. m."
Santiago - Brasília,SCL,BSB,24/01/2027,03/02/2027,"R$ 1.617,00",,"R$ 1.617,00",gol,"13/09/2026, 02:11 p. m."
Santiago - Brasília,SCL,BSB,25/01/2027,04/02/2027,"R$ 5.575,00",,"R$ 5.575,00",gol,"09/09/2026, 02:22 p. m."
Santiago - Brasília,SCL,BSB,26/01/2027,05/02/2027,"R$ 1.617,00",,"R$ 1.617,00",gol,"13/09/2026, 02:11 p. m."
Santiago - Brasília,SCL,BSB,27/01/2027,06/02/2027,"R$ 3.042,00",,"R$ 3.042,00",gol,"09/09/2026, 02:22 p. m."
Santiago - Brasília,SCL,BSB,28/01/2027,07/02/2027,"R$ 5.673,00",,"R$ 5.673,00",gol,"13/09/2026, 02:11 p. m."
Santiago - Brasília,SCL,BSB,29/01/2027,08/02/2027,"R$ 5.609,00",,"R$ 5.609,00",gol,"09/09/2026, 02:22 p. m."
Santiago - Brasília,SCL,BSB,30/01/2027,09/02/2027,"R$ 5.673,00",,"R$ 5.673,00",gol,"13/09/2026, 02:11 p. m."
Santiago - Brasília,SCL,BSB,31/01/2027,10/02/2027,"R$ 1.617,00",,"R$ 1.617,00",gol,"13/09/2026, 02:11 p. m."
Santiago - Brasília,SCL,BSB,01/02/2027,11/02/2027,"R$ 3.626,00",,"R$ 3.626,00",gol,"09/09/2026, 02:22 p. m."
Santiago - Brasília,SCL,BSB,02/02/2027,12/02/2027,"R$ 4.118,00",,"R$ 4.118,00",gol,"15/09/2026, 04:04 a. m."
Santiago - Brasília,SCL,BSB,03/02/2027,13/02/2027,"R$ 5.818,00",,"R$ 5.818,00",gol,"09/09/2026, 02:22 p. m."
Santiago - Brasília,SCL,BSB,04/02/2027,14/02/2027,"R$ 5.759,00",,"R$ 5.759,00",gol,"15/09/2026, 04:04 a. m."
Santiago - Brasília,SCL,BSB,05/02/2027,15/02/2027,"R$ 5.609,00",,"R$ 5.609,00",gol,"09/09/2026, 02:22 p. m."
Santiago - Brasília,SCL,BSB,06/02/2027,16/02/2027,"R$ 3.856,00",,"R$ 3.856,00",gol,"15/09/2026, 04:04 a. m."
Santiago - Brasília,SCL,BSB,07/02/2027,17/02/2027,"R$ 4.118,00",,"R$ 4.118,00",gol,"15/09/2026, 04:04 a. m."
Santiago - Brasília,SCL,BSB,08/02/2027,18/02/2027,"R$ 5.609,00",,"R$ 5.609,00",gol,"09/09/2026, 02:22 p. m."
Santiago - Brasília,SCL,BSB,09/02/2027,19/02/2027,"R$ 4.118,00",,"R$ 4.118,00",gol,"15/09/2026, 04:04 a. m."
Santiago - Brasília,SCL,BSB,10/02/2027,20/02/2027,"R$ 5.477,00",,"R$ 5.477,00",gol,"09/09/2026, 02:22 p. m."
Santiago - Brasília,SCL,BSB,11/02/2027,21/02/2027,"R$ 3.686,00",,"R$ 3.686,00",gol,"15/09/2026, 04:04 a. m."
Santiago - Brasília,SCL,BSB,12/02/2027,22/02/2027,"R$ 3.270,00",,"R$ 3.270,00",gol,"09/09/2026, 02:22 p. m."
Santiago - Brasília,SCL,BSB,13/02/2027,23/02/2027,"R$ 3.686,00",,"R$ 3.686,00",gol,"15/09/2026, 04:04 a. m."
Santiago - Brasília,SCL,BSB,14/02/2027,24/02/2027,"R$ 1.641,00",,"R$ 1.641,00",gol,"15/09/2026, 04:04 a. m."
Santiago - Brasília,SCL,BSB,15/02/2027,25/02/2027,"R$ 2.990,00",,"R$ 2.990,00",gol,"09/09/2026, 02:22 p. m."
Santiago - Brasília,SCL,BSB,16/02/2027,26/02/2027,"R$ 2.215,00",,"R$ 2.215,00",gol,"15/09/2026, 04:04 a. m."
Santiago - Brasília,SCL,BSB,17/02/2027,27/02/2027,"R$ 2.991,00",,"R$ 2.991,00",gol,"09/09/2026, 02:22 p. m."
Santiago - Brasília,SCL,BSB,18/02/2027,28/02/2027,"R$ 3.686,00",,"R$ 3.686,00",gol,"15/09/2026, 04:04 a. m."
Santiago - Brasília,SCL,BSB,19/02/2027,01/03/2027,"R$ 3.026,00",,"R$ 3.026,00",gol,"09/09/2026, 02:22 p. m."
Santiago - Brasília,SCL,BSB,20/02/2027,02/03/2027,"R$ 3.402,00",,"R$ 3.402,00",gol,"15/09/2026, 04:04 a. m."
Santiago - Brasília,SCL,BSB,21/02/2027,03/03/2027,"R$ 1.471,00",,"R$ 1.471,00",gol,"15/09/2026, 04:04 a. m."
Santiago - Brasília,SCL,BSB,22/02/2027,04/03/2027,"R$ 2.838,00",,"R$ 2.838,00",gol,"09/09/2026, 02:22 p. m."
Santiago - Brasília,SCL,BSB,23/02/2027,05/03/2027,"R$ 1.471,00",,"R$ 1.471,00",gol,"15/09/2026, 04:04 a. m."
Santiago - Brasília,SCL,BSB,24/02/2027,06/03/2027,"R$ 2.838,00",,"R$ 2.838,00",gol,"09/09/2026, 02:22 p. m."
Santiago - Brasília,SCL,BSB,25/02/2027,07/03/2027,"R$ 2.942,00",,"R$ 2.942,00",gol,"15/09/2026, 04:04 a. m."
Santiago - Brasília,SCL,BSB,26/02/2027,08/03/2027,"R$ 2.874,00",,"R$ 2.874,00",gol,"09/09/2026, 02:22 p. m."
Santiago - Brasília,SCL,BSB,27/02/2027,09/03/2027,"R$ 2.993,00",,"R$ 2.993,00",gol,"15/09/2026, 04:04 a. m."
Santiago - Brasília,SCL,BSB,28/02/2027,10/03/2027,"R$ 1.471,00",,"R$ 1.471,00",gol,"15/09/2026, 04:04 a. m."
Santiago - Goiânia,SCL,GYN,18/12/2026,28/12/2026,"R$ 4.130,00",,"R$ 4.130,00",gol,"09/09/2026, 02:22 p. m."
Santiago - Goiânia,SCL,GYN,19/12/2026,29/12/2026,"R$ 4.810,00",,"R$ 4.810,00",gol,"09/09/2026, 02:22 p. m."
Santiago - Goiânia,SCL,GYN,20/12/2026,30/12/2026,"R$ 4.571,00",,"R$ 4.571,00",gol,"09/09/2026, 02:22 p. m."
Santiago - Goiânia,SCL,GYN,21/12/2026,31/12/2026,"R$ 3.798,00",,"R$ 3.798,00",gol,"09/09/2026, 02:22 p. m."
Santiago - Goiânia,SCL,GYN,22/12/2026,01/01/2027,"R$ 4.129,00",,"R$ 4.129,00",gol,"09/09/2026, 02:22 p. m."
Santiago - Goiânia,SCL,GYN,23/12/2026,02/01/2027,"R$ 4.622,00",,"R$ 4.622,00",gol,"09/09/2026, 02:22 p. m."
Santiago - Goiânia,SCL,GYN,24/12/2026,03/01/2027,"R$ 4.000,00",,"R$ 4.000,00",gol,"09/09/2026, 02:22 p. m."
Santiago - Goiânia,SCL,GYN,25/12/2026,04/01/2027,"R$ 4.572,00",,"R$ 4.572,00",gol,"09/09/2026, 02:22 p. m."
Santiago - Goiânia,SCL,GYN,26/12/2026,05/01/2027,"R$ 4.630,00",,"R$ 4.630,00",gol,"09/09/2026, 02:22 p. m."
Santiago - Goiânia,SCL,GYN,27/12/2026,06/01/2027,"R$ 4.810,00",,"R$ 4.810,00",gol,"09/09/2026, 02:22 p. m."
Santiago - Goiânia,SCL,GYN,28/12/2026,07/01/2027,"R$ 4.810,00",,"R$ 4.810,00",gol,"09/09/2026, 02:22 p. m."
Santiago - Goiânia,SCL,GYN,29/12/2026,08/01/2027,"R$ 4.812,00",,"R$ 4.812,00",gol,"09/09/2026, 02:22 p. m."
Santiago - Goiânia,SCL,GYN,30/12/2026,09/01/2027,"R$ 5.254,00",,"R$ 5.254,00",gol,"09/09/2026, 02:22 p. m."
Santiago - Goiânia,SCL,GYN,31/12/2026,10/01/2027,"R$ 4.215,00",,"R$ 4.215,00",gol,"09/09/2026, 02:22 p. m."
Santiago - Goiânia,SCL,GYN,01/01/2027,11/01/2027,"R$ 4.812,00",,"R$ 4.812,00",gol,"09/09/2026, 02:22 p. m."
Santiago - Goiânia,SCL,GYN,02/01/2027,12/01/2027,"R$ 5.251,00",,"R$ 5.251,00",gol,"09/09/2026, 02:22 p. m."
Santiago - Goiânia,SCL,GYN,03/01/2027,13/01/2027,"R$ 4.861,00",,"R$ 4.861,00",gol,"09/09/2026, 02:22 p. m."
Santiago - Goiânia,SCL,GYN,04/01/2027,14/01/2027,"R$ 5.252,00",,"R$ 5.252,00",gol,"09/09/2026, 02:22 p. m."
Santiago - Goiânia,SCL,GYN,05/01/2027,15/01/2027,"R$ 4.632,00",,"R$ 4.632,00",gol,"09/09/2026, 02:22 p. m."
Santiago - Goiânia,SCL,GYN,06/01/2027,16/01/2027,"R$ 4.810,00",,"R$ 4.810,00",gol,"09/09/2026, 02:22 p. m."
Santiago - Goiânia,SCL,GYN,07/01/2027,17/01/2027,"R$ 4.630,00",,"R$ 4.630,00",gol,"09/09/2026, 02:22 p. m."
Santiago - Goiânia,SCL,GYN,08/01/2027,18/01/2027,"R$ 4.653,00",,"R$ 4.653,00",gol,"09/09/2026, 02:22 p. m."
Santiago - Goiânia,SCL,GYN,09/01/2027,19/01/2027,"R$ 3.951,00",,"R$ 3.951,00",gol,"09/09/2026, 02:22 p. m."
Santiago - Goiânia,SCL,GYN,10/01/2027,20/01/2027,"R$ 4.003,00",,"R$ 4.003,00",gol,"09/09/2026, 02:22 p. m."
Santiago - Goiânia,SCL,GYN,11/01/2027,21/01/2027,"R$ 3.951,00",,"R$ 3.951,00",gol,"09/09/2026, 02:22 p. m."
Santiago - Goiânia,SCL,GYN,12/01/2027,22/01/2027,"R$ 4.266,00",,"R$ 4.266,00",gol,"09/09/2026, 02:22 p. m."
Santiago - Goiânia,SCL,GYN,13/01/2027,23/01/2027,"R$ 4.002,00",,"R$ 4.002,00",gol,"09/09/2026, 02:22 p. m."
Santiago - Goiânia,SCL,GYN,14/01/2027,24/01/2027,"R$ 3.949,00",,"R$ 3.949,00",gol,"09/09/2026, 02:22 p. m."
Santiago - Goiânia,SCL,GYN,15/01/2027,25/01/2027,"R$ 3.952,00",,"R$ 3.952,00",gol,"09/09/2026, 02:22 p. m."
Santiago - Goiânia,SCL,GYN,16/01/2027,26/01/2027,"R$ 3.949,00",,"R$ 3.949,00",gol,"09/09/2026, 02:22 p. m."
Santiago - Goiânia,SCL,GYN,17/01/2027,27/01/2027,"R$ 3.874,00",,"R$ 3.874,00",gol,"09/09/2026, 02:22 p. m."
Santiago - Goiânia,SCL,GYN,18/01/2027,28/01/2027,"R$ 3.970,00",,"R$ 3.970,00",gol,"09/09/2026, 02:22 p. m."
Santiago - Goiânia,SCL,GYN,19/01/2027,29/01/2027,"R$ 3.269,00",,"R$ 3.269,00",gol,"09/09/2026, 02:22 p. m."
Santiago - Goiânia,SCL,GYN,20/01/2027,30/01/2027,"R$ 3.320,00",,"R$ 3.320,00",gol,"09/09/2026, 02:22 p. m."
Santiago - Goiânia,SCL,GYN,21/01/2027,31/01/2027,"R$ 3.268,00",,"R$ 3.268,00",gol,"09/09/2026, 02:22 p. m."
Santiago - Goiânia,SCL,GYN,22/01/2027,01/02/2027,"R$ 3.586,00",,"R$ 3.586,00",gol,"09/09/2026, 02:22 p. m."
Santiago - Goiânia,SCL,GYN,23/01/2027,02/02/2027,"R$ 3.534,00",,"R$ 3.534,00",gol,"09/09/2026, 02:22 p. m."
Santiago - Goiânia,SCL,GYN,24/01/2027,03/02/2027,"R$ 5.593,00",,"R$ 5.593,00",gol,"09/09/2026, 02:22 p. m."
Santiago - Goiânia,SCL,GYN,25/01/2027,04/02/2027,"R$ 5.593,00",,"R$ 5.593,00",gol,"09/09/2026, 02:22 p. m."
Santiago - Goiânia,SCL,GYN,26/01/2027,05/02/2027,"R$ 5.593,00",,"R$ 5.593,00",gol,"09/09/2026, 02:22 p. m."
Santiago - Goiânia,SCL,GYN,27/01/2027,06/02/2027,"R$ 3.193,00",,"R$ 3.193,00",gol,"09/09/2026, 02:22 p. m."
Santiago - Goiânia,SCL,GYN,28/01/2027,07/02/2027,"R$ 3.534,00",,"R$ 3.534,00",gol,"09/09/2026, 02:22 p. m."
Santiago - Goiânia,SCL,GYN,29/01/2027,08/02/2027,"R$ 5.594,00",,"R$ 5.594,00",gol,"09/09/2026, 02:22 p. m."
Santiago - Goiânia,SCL,GYN,30/01/2027,09/02/2027,"R$ 5.592,00",,"R$ 5.592,00",gol,"09/09/2026, 02:22 p. m."
Santiago - Goiânia,SCL,GYN,31/01/2027,10/02/2027,"R$ 5.593,00",,"R$ 5.593,00",gol,"09/09/2026, 02:22 p. m."
Santiago - Goiânia,SCL,GYN,01/02/2027,11/02/2027,"R$ 3.950,00",,"R$ 3.950,00",gol,"09/09/2026, 02:22 p. m."
Santiago - Goiânia,SCL,GYN,02/02/2027,12/02/2027,"R$ 3.800,00",,"R$ 3.800,00",gol,"09/09/2026, 02:22 p. m."
Santiago - Goiânia,SCL,GYN,03/02/2027,13/02/2027,"R$ 5.857,00",,"R$ 5.857,00",gol,"09/09/2026, 02:22 p. m."
Santiago - Goiânia,SCL,GYN,04/02/2027,14/02/2027,"R$ 5.856,00",,"R$ 5.856,00",gol,"09/09/2026, 02:22 p. m."
Santiago - Goiânia,SCL,GYN,05/02/2027,15/02/2027,"R$ 5.467,00",,"R$ 5.467,00",gol,"09/09/2026, 02:22 p. m."
Santiago - Goiânia,SCL,GYN,06/02/2027,16/02/2027,"R$ 3.269,00",,"R$ 3.269,00",gol,"09/09/2026, 02:22 p. m."
Santiago - Goiânia,SCL,GYN,07/02/2027,17/02/2027,"R$ 3.408,00",,"R$ 3.408,00",gol,"09/09/2026, 02:22 p. m."
Santiago - Goiânia,SCL,GYN,08/02/2027,18/02/2027,"R$ 5.594,00",,"R$ 5.594,00",gol,"09/09/2026, 02:22 p. m."
Santiago - Goiânia,SCL,GYN,09/02/2027,19/02/2027,"R$ 5.593,00",,"R$ 5.593,00",gol,"09/09/2026, 02:22 p. m."
Santiago - Goiânia,SCL,GYN,10/02/2027,20/02/2027,"R$ 5.487,00",,"R$ 5.487,00",gol,"09/09/2026, 02:22 p. m."
Santiago - Goiânia,SCL,GYN,11/02/2027,21/02/2027,"R$ 3.822,00",,"R$ 3.822,00",gol,"09/09/2026, 02:22 p. m."
Santiago - Goiânia,SCL,GYN,12/02/2027,22/02/2027,"R$ 3.408,00",,"R$ 3.408,00",gol,"09/09/2026, 02:22 p. m."
Santiago - Goiânia,SCL,GYN,13/02/2027,23/02/2027,"R$ 3.405,00",,"R$ 3.405,00",gol,"09/09/2026, 02:22 p. m."
Santiago - Goiânia,SCL,GYN,14/02/2027,24/02/2027,"R$ 3.406,00",,"R$ 3.406,00",gol,"09/09/2026, 02:22 p. m."
Santiago - Goiânia,SCL,GYN,15/02/2027,25/02/2027,"R$ 3.015,00",,"R$ 3.015,00",gol,"09/09/2026, 02:22 p. m."
Santiago - Goiânia,SCL,GYN,16/02/2027,26/02/2027,"R$ 3.143,00",,"R$ 3.143,00",gol,"09/09/2026, 02:22 p. m."
Santiago - Goiânia,SCL,GYN,17/02/2027,27/02/2027,"R$ 3.142,00",,"R$ 3.142,00",gol,"09/09/2026, 02:22 p. m."
Santiago - Goiânia,SCL,GYN,18/02/2027,28/02/2027,"R$ 3.142,00",,"R$ 3.142,00",gol,"09/09/2026, 02:22 p. m."
Santiago - Goiânia,SCL,GYN,19/02/2027,01/03/2027,"R$ 3.143,00",,"R$ 3.143,00",gol,"09/09/2026, 02:22 p. m."
Santiago - Goiânia,SCL,GYN,20/02/2027,02/03/2027,"R$ 3.035,00",,"R$ 3.035,00",gol,"09/09/2026, 02:22 p. m."
Santiago - Goiânia,SCL,GYN,21/02/2027,03/03/2027,"R$ 3.015,00",,"R$ 3.015,00",gol,"09/09/2026, 02:22 p. m."
Santiago - Goiânia,SCL,GYN,22/02/2027,04/03/2027,"R$ 3.015,00",,"R$ 3.015,00",gol,"09/09/2026, 02:22 p. m."
Santiago - Goiânia,SCL,GYN,23/02/2027,05/03/2027,"R$ 3.015,00",,"R$ 3.015,00",gol,"09/09/2026, 02:22 p. m."
Santiago - Goiânia,SCL,GYN,24/02/2027,06/03/2027,"R$ 3.015,00",,"R$ 3.015,00",gol,"09/09/2026, 02:22 p. m."
Santiago - Goiânia,SCL,GYN,25/02/2027,07/03/2027,"R$ 3.014,00",,"R$ 3.014,00",gol,"09/09/2026, 02:22 p. m."
Santiago - Goiânia,SCL,GYN,26/02/2027,08/03/2027,"R$ 3.016,00",,"R$ 3.016,00",gol,"09/09/2026, 02:22 p. m."
Santiago - Goiânia,SCL,GYN,27/02/2027,09/03/2027,"R$ 3.141,00",,"R$ 3.141,00",gol,"09/09/2026, 02:22 p. m."
Santiago - Goiânia,SCL,GYN,28/02/2027,10/03/2027,"R$ 3.015,00",,"R$ 3.015,00",gol,"09/09/2026, 02:22 p. m."
